name,vrom_start,vrom_end,rom_start,rom_end,vram_start,overlay_dir
boot,1060,7960,1060,0,80000460,
code,A87000,B8ADA0,A62D40,AFDE00,800116E0,
ovl_title,B9DA70,B9E430,B07AF0,B082B0,80800000,gamestates
ovl_select,B9E430,BA1190,B082B0,B09E10,808009C0,gamestates
ovl_opening,BA1190,BA12F0,B09E10,B09F40,80803720,gamestates
ovl_file_choose,BA12F0,BB1210,B09F40,B12D60,80803880,gamestates
ovl_kaleido_scope,BB1210,BCDBA0,B12D60,B21DA0,808137C0,misc
ovl_player_actor,BCDBA0,BF4210,B21DA0,B3B090,808301C0,actors
ovl_map_mark_data,BF4210,BFAD70,B3B090,B3B440,80856900,misc
ovl_En_Test,BFAD70,C00620,B3B440,B3E910,8085D460,actors
ovl_En_GirlA,C00620,C02F40,B3E910,B3FD80,80862D10,actors
ovl_En_Part,C02F40,C04550,B3FD80,B40DA0,80865630,actors
ovl_En_Light,C04550,C05340,B40DA0,B41760,80866C40,actors
ovl_En_Door,C05340,C06180,B41760,B42330,80867A30,actors
ovl_En_Box,C06180,C07CB0,B42330,B43610,80868870,actors
ovl_En_Poh,C07CB0,C0BE40,B43610,B46090,8086A3B0,actors
ovl_En_Okuta,C0BE40,C0E420,B46090,B47AE0,8086E540,actors
ovl_En_Bom,C0E420,C0F2F0,B47AE0,B48690,80870B20,actors
ovl_En_Wallmas,C0F2F0,C10D00,B48690,B49830,808719F0,actors
ovl_En_Dodongo,C10D00,C13AA0,B49830,B4B770,80873400,actors
ovl_En_Firefly,C13AA0,C15C10,B4B770,B4CDE0,808761A0,actors
ovl_En_Horse,C15C10,C21E70,B4CDE0,B545E0,80878310,actors
ovl_En_Arrow,C21E70,C23560,B545E0,B55660,80884570,actors
ovl_En_Elf,C23560,C27F20,B55660,B58610,80885C60,actors
ovl_En_Niw,C27F20,C2B250,B58610,B5AAF0,8088A620,actors
ovl_En_Tite,C2B250,C2DFF0,B5AAF0,B5C5B0,8088D950,actors
ovl_En_Reeba,C2DFF0,C2FA60,B5C5B0,B5D8B0,808906F0,actors
ovl_En_Peehat,C2FA60,C33160,B5D8B0,B5FB80,80892160,actors
ovl_En_Holl,C33160,C34130,B5FB80,B60720,80895860,actors
ovl_En_Scene_Change,C34130,C34260,B60720,B60810,80896830,actors
ovl_En_Zf,C34260,C3AD50,B60810,B64C80,80896960,actors
ovl_En_Hata,C3AD50,C3B2E0,B64C80,B65180,8089D460,actors
ovl_Boss_Dodongo,C3B2E0,C44DC0,B65180,B6B430,8089D9F0,actors
ovl_Boss_Goma,C44DC0,C4AD40,B6B430,B6EDE0,808A74D0,actors
ovl_En_Zl1,C4AD40,C4EB40,B6EDE0,B70D10,808AD450,actors
ovl_En_Viewer,C4EB40,C519F0,B70D10,B72C40,808B1250,actors
ovl_En_Goma,C519F0,C54680,B72C40,B749E0,808B4120,actors
ovl_Bg_Pushbox,C54680,C54980,B749E0,B74C70,808B6DB0,actors
ovl_En_Bubble,C54980,C55DA0,B74C70,B75BD0,808B70B0,actors
ovl_Door_Shutter,C55DA0,C58020,B75BD0,B77490,808B84D0,actors
ovl_En_Dodojr,C58020,C59EC0,B77490,B789E0,808BA750,actors
ovl_En_Bdfire,C59EC0,C5AA50,B789E0,B792D0,808BC5F0,actors
ovl_En_Boom,C5AA50,C5B310,B792D0,B79A10,808BD180,actors
ovl_En_Torch2,C5B310,C5DA70,B79A10,B7B6B0,808BDA40,actors
ovl_En_Bili,C5DA70,C5FD40,B7B6B0,B7CEE0,808C01E0,actors
ovl_En_Tp,C5FD40,C61B90,B7CEE0,B7E500,808C24B0,actors
ovl_En_St,C61B90,C64800,B7E500,B803E0,808C4300,actors
ovl_En_Bw,C64800,C67B70,B803E0,B82680,808C6F70,actors
ovl_En_Eiyer,C67B70,C697D0,B82680,B83AA0,808CA2E0,actors
ovl_En_River_Sound,C697D0,C6A160,B83AA0,B84270,808CBF40,actors
ovl_En_Horse_Normal,C6A160,C6C780,B84270,B85AD0,808CC8D0,actors
ovl_En_Ossan,C6C780,C72D60,B85AD0,B892B0,808CEEF0,actors
ovl_Bg_Treemouth,C72D60,C743C0,B892B0,B89EB0,808D54D0,actors
ovl_Bg_Dodoago,C743C0,C75100,B89EB0,B8A910,808D6B30,actors
ovl_Bg_Hidan_Dalm,C75100,C75950,B8A910,B8AF80,808D78E0,actors
ovl_Bg_Hidan_Hrock,C75950,C76180,B8AF80,B8B5F0,808D8130,actors
ovl_En_Horse_Ganon,C76180,C76F00,B8B5F0,B8C060,808D8960,actors
ovl_Bg_Hidan_Rock,C76F00,C77FF0,B8C060,B8CD20,808D96E0,actors
ovl_Bg_Hidan_Rsekizou,C77FF0,C78BD0,B8CD20,B8D610,808DA7D0,actors
ovl_Bg_Hidan_Sekizou,C78BD0,C7A020,B8D610,B8E590,808DB3B0,actors
ovl_Bg_Hidan_Sima,C7A020,C7AF40,B8E590,B8F180,808DC800,actors
ovl_Bg_Hidan_Syoku,C7AF40,C7B3A0,B8F180,B8F490,808DD720,actors
ovl_En_Xc,C7B3A0,C81B00,B8F490,B92920,808DDB80,actors
ovl_Bg_Hidan_Curtain,C81B00,C825A0,B92920,B93160,808E4310,actors
ovl_Bg_Spot00_Hanebasi,C825A0,C836B0,B93160,B93F30,808E4DB0,actors
ovl_En_Mb,C836B0,C878E0,B93F30,B96A20,808E5EC0,actors
ovl_En_Bombf,C878E0,C88D50,B96A20,B97A10,808EA0F0,actors
ovl_Bg_Hidan_Firewall,C88D50,C894B0,B97A10,B98030,808EB560,actors
ovl_Bg_Dy_Yoseizo,C894B0,C8C2B0,B98030,B99F70,808EBCC0,actors
ovl_En_Zl2,C8C2B0,C909E0,B99F70,B9C340,808EEAC0,actors
ovl_Bg_Hidan_Fslift,C909E0,C90EB0,B9C340,B9C6F0,808F31F0,actors
ovl_En_OE2,C90EB0,C90F90,B9C6F0,B9C790,808F36C0,actors
ovl_Bg_Ydan_Hasi,C90F90,C91740,B9C790,B9CDB0,808F37A0,actors
ovl_Bg_Ydan_Maruta,C91740,C91E20,B9CDB0,B9D330,808F3F50,actors
ovl_Boss_Ganondrof,C91E20,C96B90,B9D330,BA0690,808F4630,actors
ovl_En_Am,C96B90,C98F90,BA0690,BA1EC0,808F93A0,actors
ovl_En_Dekubaba,C98F90,C9CA30,BA1EC0,BA44B0,808FB7A0,actors
ovl_En_M_Fire1,C9CA30,C9CBD0,BA44B0,BA4600,808FF240,actors
ovl_En_M_Thunder,C9CBD0,C9E1C0,BA4600,BA55F0,808FF3E0,actors
ovl_Bg_Ddan_Jd,C9E1C0,C9E810,BA55F0,BA5AF0,809009D0,actors
ovl_Bg_Breakwall,C9E810,C9F680,BA5AF0,BA6650,80901020,actors
ovl_En_Jj,C9F680,CA0C50,BA6650,BA72A0,80901E90,actors
ovl_En_Horse_Zelda,CA0C50,CA1740,BA72A0,BA7B70,80903460,actors
ovl_Bg_Ddan_Kd,CA1740,CA2030,BA7B70,BA8250,80903F50,actors
ovl_Door_Warp1,CA2030,CA62D0,BA8250,BAA9A0,80904840,actors
ovl_Obj_Syokudai,CA62D0,CA6F00,BAA9A0,BAB3D0,80908AF0,actors
ovl_Item_B_Heart,CA6F00,CA72F0,BAB3D0,BAB730,80909730,actors
ovl_En_Dekunuts,CA72F0,CA8AF0,BAB730,BAC6E0,80909B20,actors
ovl_Bg_Menkuri_Kaiten,CA8AF0,CA8C80,BAC6E0,BAC840,8090B320,actors
ovl_Bg_Menkuri_Eye,CA8C80,CA9110,BAC840,BACC30,8090B4B0,actors
ovl_En_Vali,CA9110,CAB7B0,BACC30,BAE6D0,8090B950,actors
ovl_Bg_Mizu_Movebg,CAB7B0,CAC940,BAE6D0,BAF3B0,8090DFF0,actors
ovl_Bg_Mizu_Water,CAC940,CAD610,BAF3B0,BAFCB0,8090F190,actors
ovl_Arms_Hook,CAD610,CAE370,BAFCB0,BB0740,8090FE60,actors
ovl_En_fHG,CAE370,CB0CA0,BB0740,BB2280,80910BC0,actors
ovl_Bg_Mori_Hineri,CB0CA0,CB19A0,BB2280,BB2C10,809134F0,actors
ovl_En_Bb,CB19A0,CB5670,BB2C10,BB57B0,809141F0,actors
ovl_Bg_Toki_Hikari,CB5670,CB6410,BB57B0,BB5FF0,80917EC0,actors
ovl_En_Yukabyun,CB6410,CB6A20,BB5FF0,BB6540,80918C60,actors
ovl_Bg_Toki_Swd,CB6A20,CB8070,BB6540,BB6F80,80919270,actors
ovl_En_Fhg_Fire,CB8070,CBA690,BB6F80,BB8B00,8091A8C0,actors
ovl_Bg_Mjin,CBA690,CBAA70,BB8B00,BB8E60,8091CEE0,actors
ovl_Bg_Hidan_Kousi,CBAA70,CBAFF0,BB8E60,BB9290,8091D2C0,actors
ovl_Door_Toki,CBAFF0,CBB150,BB9290,BB93B0,8091D840,actors
ovl_Bg_Hidan_Hamstep,CBB150,CBC000,BB93B0,BB9EE0,8091D9A0,actors
ovl_En_Bird,CBC000,CBC4C0,BB9EE0,BBA2C0,8091E850,actors
ovl_En_Wood02,CBC4C0,CBD690,BBA2C0,BBB100,8091ED10,actors
ovl_En_Lightbox,CBD690,CBDB10,BBB100,BBB4D0,8091FEF0,actors
ovl_En_Pu_box,CBDB10,CBDE50,BBB4D0,BBB7B0,80920370,actors
ovl_En_Trap,CBDE50,CBF0F0,BBB7B0,BBC3F0,809206B0,actors
ovl_En_Arow_Trap,CBF0F0,CBF240,BBC3F0,BBC530,80921950,actors
ovl_En_Vase,CBF240,CBF340,BBC530,BBC610,80921AA0,actors
ovl_En_Ta,CBF340,CC2D00,BBC610,BBE950,80921BA0,actors
ovl_En_Tk,CC2D00,CC4B30,BBE950,BBFF80,80925560,actors
ovl_Bg_Mori_Bigst,CC4B30,CC5460,BBFF80,BC05F0,80927390,actors
ovl_Bg_Mori_Elevator,CC5460,CC5F50,BC05F0,BC0D40,80927CC0,actors
ovl_Bg_Mori_Kaitenkabe,CC5F50,CC65B0,BC0D40,BC1290,809287B0,actors
ovl_Bg_Mori_Rakkatenjo,CC65B0,CC6F20,BC1290,BC1950,80928E10,actors
ovl_En_Vm,CC6F20,CC87D0,BC1950,BC2AE0,80929780,actors
ovl_Demo_Effect,CC87D0,CCE2C0,BC2AE0,BC6670,8092B030,actors
ovl_Demo_Kankyo,CCE2C0,CD1F70,BC6670,BC8B20,80930B20,actors
ovl_Bg_Hidan_Fwbig,CD1F70,CD2C50,BC8B20,BC9570,80934820,actors
ovl_En_Floormas,CD2C50,CD6030,BC9570,BCB570,80935500,actors
ovl_En_Heishi1,CD6030,CD7540,BCB570,BCC3C0,809388E0,actors
ovl_En_Rd,CD7540,CD9DF0,BCC3C0,BCDDE0,80939DF0,actors
ovl_En_Po_Sisters,CD9DF0,CDEAE0,BCDDE0,BD1000,8093C6A0,actors
ovl_Bg_Heavy_Block,CDEAE0,CE03D0,BD1000,BD2230,80941390,actors
ovl_Bg_Po_Event,CE03D0,CE2200,BD2230,BD3880,80942C80,actors
ovl_Obj_Mure,CE2200,CE3210,BD3880,BD43B0,80944AC0,actors
ovl_En_Sw,CE3210,CE6980,BD43B0,BD6C00,80945AD0,actors
ovl_Boss_Fd,CE6980,CEDCB0,BD6C00,BDB900,809492C0,actors
ovl_Object_Kankyo,CEDCB0,CF0ED0,BDB900,BDDCC0,809505F0,actors
ovl_En_Du,CF0ED0,CF2970,BDDCC0,BDEEC0,80953810,actors
ovl_En_Fd,CF2970,CF5630,BDEEC0,BE0FB0,809552B0,actors
ovl_En_Horse_Link_Child,CF5630,CF7430,BE0FB0,BE21B0,80957F70,actors
ovl_Door_Ana,CF7430,CF7AA0,BE21B0,BE2700,80959D70,actors
ovl_Bg_Spot02_Objects,CF7AA0,CF8DF0,BE2700,BE34A0,8095A3E0,actors
ovl_Bg_Haka,CF8DF0,CF94B0,BE34A0,BE3A50,8095B730,actors
ovl_Magic_Wind,CF94B0,CFB1B0,BE3A50,BE53E0,8095BDF0,actors
ovl_Magic_Fire,CFB1B0,CFD480,BE53E0,BE7300,8095DAF0,actors
ovl_En_Ru1,CFD480,D04B20,BE7300,BEB0B0,8095FDC0,actors
ovl_Boss_Fd2,D04B20,D08850,BEB0B0,BEDC20,80967460,actors
ovl_En_Fd_Fire,D08850,D09560,BEDC20,BEE6F0,8096B190,actors
ovl_En_Dh,D09560,D0B030,BEE6F0,BEFA70,8096BEA0,actors
ovl_En_Dha,D0B030,D0C030,BEFA70,BF0640,8096D970,actors
ovl_En_Rl,D0C030,D0CF10,BF0640,BF0F70,8096E970,actors
ovl_En_Encount1,D0CF10,D0DA70,BF0F70,BF18D0,8096F850,actors
ovl_Demo_Du,D0DA70,D11250,BF18D0,BF3410,809703B0,actors
ovl_Demo_Im,D11250,D151C0,BF3410,BF53B0,80973B90,actors
ovl_Demo_Tre_Lgt,D151C0,D158D0,BF53B0,BF59A0,80977B00,actors
ovl_En_Fw,D158D0,D17080,BF59A0,BF6CD0,80978210,actors
ovl_Bg_Vb_Sima,D17080,D17790,BF6CD0,BF7310,809799C0,actors
ovl_En_Vb_Ball,D17790,D18930,BF7310,BF8070,8097A0D0,actors
ovl_Bg_Haka_Megane,D18930,D18D30,BF8070,BF83C0,8097B270,actors
ovl_Bg_Haka_MeganeBG,D18D30,D193F0,BF83C0,BF8910,8097B670,actors
ovl_Bg_Haka_Ship,D193F0,D19E30,BF8910,BF9120,8097BD30,actors
ovl_Bg_Haka_Sgami,D19E30,D1AA50,BF9120,BF9AA0,8097C770,actors
ovl_En_Heishi2,D1AA50,D1CC50,BF9AA0,BFAF50,8097D390,actors
ovl_En_Encount2,D1CC50,D1DE80,BFAF50,BFBD50,8097F590,actors
ovl_En_Fire_Rock,D1DE80,D1EF90,BFBD50,BFC9C0,809807C0,actors
ovl_En_Brob,D1EF90,D20080,BFC9C0,BFD600,809818D0,actors
ovl_Mir_Ray,D20080,D21940,BFD600,BFEA00,809829C0,actors
ovl_Bg_Spot09_Obj,D21940,D21E50,BFEA00,BFEDD0,80984280,actors
ovl_Bg_Spot18_Obj,D21E50,D22720,BFEDD0,BFF420,80984790,actors
ovl_Boss_Va,D22720,D30F10,BFF420,C08A70,80985060,actors
ovl_Bg_Haka_Tubo,D30F10,D31930,C08A70,C092B0,8099C250,actors
ovl_Bg_Haka_Trap,D31930,D32F00,C092B0,C0A2C0,8099CC70,actors
ovl_Bg_Haka_Huta,D32F00,D339A0,C0A2C0,C0AB30,8099E240,actors
ovl_Bg_Haka_Zou,D339A0,D34B90,C0AB30,C0B8B0,8099ECE0,actors
ovl_Bg_Spot17_Funen,D34B90,D34DE0,C0B8B0,C0BAD0,8099FED0,actors
ovl_En_Syateki_Itm,D34DE0,D35B80,C0BAD0,C0C530,809A0120,actors
ovl_En_Syateki_Man,D35B80,D36940,C0C530,C0CF60,809A0EC0,actors
ovl_En_Tana,D36940,D36BE0,C0CF60,C0D1A0,809A1C80,actors
ovl_En_Nb,D36BE0,D3B1B0,C0D1A0,C0F610,809A1F20,actors
ovl_Boss_Mo,D3B1B0,D46750,C0F610,C17390,809A64F0,actors
ovl_En_Sb,D46750,D47B90,C17390,C18110,809B65A0,actors
ovl_En_Bigokuta,D47B90,D4A6A0,C18110,C19E60,809B79E0,actors
ovl_En_Karebaba,D4A6A0,D4BF90,C19E60,C1AFD0,809BA4F0,actors
ovl_Bg_Bdan_Objects,D4BF90,D4D260,C1AFD0,C1BCF0,809BBDE0,actors
ovl_Demo_Sa,D4D260,D4FD80,C1BCF0,C1D250,809BD0B0,actors
ovl_Demo_Go,D4FD80,D50AE0,C1D250,C1DB90,809BFBD0,actors
ovl_En_In,D50AE0,D53880,C1DB90,C1FC60,809C0930,actors
ovl_En_Tr,D53880,D55180,C1FC60,C20E70,809C36D0,actors
ovl_Bg_Spot16_Bombstone,D55180,D566C0,C20E70,C21F40,809C4FD0,actors
ovl_Bg_Hidan_Kowarerukabe,D566C0,D57590,C21F40,C22920,809C6510,actors
ovl_Bg_Bombwall,D57590,D57E50,C22920,C23000,809C73E0,actors
ovl_En_Ru2,D57E50,D5ABD0,C23000,C24660,809C7CA0,actors
ovl_Obj_Dekujr,D5ABD0,D5B210,C24660,C24BB0,809CAA20,actors
ovl_Bg_Mizu_Uzu,D5B210,D5B3E0,C24BB0,C24D40,809CB060,actors
ovl_Bg_Spot06_Objects,D5B3E0,D5C7F0,C24D40,C25C40,809CB230,actors
ovl_Bg_Ice_Objects,D5C7F0,D5D730,C25C40,C26680,809CC640,actors
ovl_Bg_Haka_Water,D5D730,D5DF10,C26680,C26C60,809CD580,actors
ovl_En_Ma2,D5DF10,D5EF70,C26C60,C278F0,809CDD60,actors
ovl_En_Bom_Chu,D5EF70,D60610,C278F0,C28AE0,809CEDC0,actors
ovl_En_Horse_Game_Check,D60610,D616E0,C28AE0,C29700,809D0460,actors
ovl_Boss_Tw,D616E0,D74760,C29700,C35CE0,809D1530,actors
ovl_En_Rr,D74760,D76C90,C35CE0,C377F0,809E7030,actors
ovl_En_Ba,D76C90,D78B60,C377F0,C38C50,809E9560,actors
ovl_En_Bx,D78B60,D79650,C38C50,C39600,809EB430,actors
ovl_En_Anubice,D79650,D7A900,C39600,C3A3D0,809EBF20,actors
ovl_En_Anubice_Fire,D7A900,D7B6C0,C3A3D0,C3AF30,809ED1D0,actors
ovl_Bg_Mori_Hashigo,D7B6C0,D7BF80,C3AF30,C3B5B0,809EDF90,actors
ovl_Bg_Mori_Hashira4,D7BF80,D7C500,C3B5B0,C3BA00,809EE850,actors
ovl_Bg_Mori_Idomizu,D7C500,D7CB40,C3BA00,C3BEE0,809EEDE0,actors
ovl_Bg_Spot16_Doughnut,D7CB40,D7D0F0,C3BEE0,C3C3B0,809EF420,actors
ovl_Bg_Bdan_Switch,D7D0F0,D7E520,C3C3B0,C3CF60,809EF9D0,actors
ovl_En_Ma1,D7E520,D7F800,C3CF60,C3DD60,809F0E00,actors
ovl_Boss_Ganon,D7F800,DA1A60,C3DD60,C53470,809F20E0,actors
ovl_Boss_Sst,DA1A60,DADFE0,C53470,C5AFB0,80A17EC0,actors
ovl_En_Ny,DADFE0,DAF910,C5AFB0,C5C200,80A24480,actors
ovl_En_Fr,DAF910,DB23A0,C5C200,C5E060,80A25DB0,actors
ovl_Item_Shield,DB23A0,DB2DB0,C5E060,C5E860,80A28840,actors
ovl_Bg_Ice_Shelter,DB2DB0,DB3FE0,C5E860,C5F630,80A29250,actors
ovl_En_Ice_Hono,DB3FE0,DB51D0,C5F630,C60300,80A2A480,actors
ovl_Item_Ocarina,DB51D0,DB59A0,C60300,C608C0,80A2B670,actors
ovl_Magic_Dark,DB59A0,DB71F0,C608C0,C61C00,80A2BE40,actors
ovl_Demo_6K,DB71F0,DB9F00,C61C00,C63D40,80A2D690,actors
ovl_En_Anubice_Tag,DB9F00,DBA1D0,C63D40,C63FB0,80A303A0,actors
ovl_Bg_Haka_Gate,DBA1D0,DBB250,C63FB0,C64C80,80A30670,actors
ovl_Bg_Spot15_Saku,DBB250,DBB590,C64C80,C64F50,80A31700,actors
ovl_Bg_Jya_Goroiwa,DBB590,DBBD10,C64F50,C655B0,80A31A40,actors
ovl_Bg_Jya_Zurerukabe,DBBD10,DBC3C0,C655B0,C65B00,80A321C0,actors
ovl_Bg_Jya_Cobra,DBC3C0,DBE0E0,C65B00,C67070,80A32870,actors
ovl_Bg_Jya_Kanaami,DBE0E0,DBE490,C67070,C67360,80A34590,actors
ovl_Fishing,DBE490,DD1E60,C67360,C74890,80A34940,actors
ovl_Obj_Oshihiki,DD1E60,DD3910,C74890,C75B30,80A4F3F0,actors
ovl_Bg_Gate_Shutter,DD3910,DD3D90,C75B30,C75EB0,80A50EA0,actors
ovl_Eff_Dust,DD3D90,DD5170,C75EB0,C76A80,80A51320,actors
ovl_Bg_Spot01_Fusya,DD5170,DD5410,C76A80,C76CC0,80A52700,actors
ovl_Bg_Spot01_Idohashira,DD5410,DD6010,C76CC0,C775F0,80A529A0,actors
ovl_Bg_Spot01_Idomizu,DD6010,DD6320,C775F0,C778C0,80A535A0,actors
ovl_Bg_Po_Syokudai,DD6320,DD6C70,C778C0,C78060,80A538B0,actors
ovl_Bg_Ganon_Otyuka,DD6C70,DD92B0,C78060,C79D90,80A54200,actors
ovl_Bg_Spot15_Rrbox,DD92B0,DDA090,C79D90,C7A7A0,80A56840,actors
ovl_Bg_Umajump,DDA090,DDA220,C7A7A0,C7A910,80A57620,actors
ovl_En_Insect,DDA220,DDC740,C7A910,C7C1B0,80A577B0,actors
ovl_En_Butte,DDC740,DDDD10,C7C1B0,C7D180,80A59CD0,actors
ovl_En_Fish,DDDD10,DDFE20,C7D180,C7E640,80A5B2A0,actors
ovl_Bg_Spot08_Iceblock,DDFE20,DE0E60,C7E640,C7F1E0,80A5D3B0,actors
ovl_Item_Etcetera,DE0E60,DE1730,C7F1E0,C7F870,80A5E3F0,actors
ovl_Arrow_Fire,DE1730,DE35F0,C7F870,C81320,80A5ECC0,actors
ovl_Arrow_Ice,DE35F0,DE54D0,C81320,C82B80,80A60B80,actors
ovl_Arrow_Light,DE54D0,DE73C0,C82B80,C84470,80A62A60,actors
ovl_Obj_Kibako,DE73C0,DE80C0,C84470,C84D50,80A64950,actors
ovl_Obj_Tsubo,DE80C0,DE90B0,C84D50,C858B0,80A65650,actors
ovl_En_Wonder_Item,DE90B0,DE9D00,C858B0,C86170,80A66640,actors
ovl_En_Ik,DE9D00,DEE330,C86170,C88A90,80A67370,actors
ovl_Demo_Ik,DEE330,DEF840,C88A90,C897A0,80A6B9B0,actors
ovl_En_Skj,DEF840,DF3170,C897A0,C8BB60,80A6CEC0,actors
ovl_En_Skjneedle,DF3170,DF3480,C8BB60,C8BE10,80A70800,actors
ovl_En_G_Switch,DF3480,DF4CB0,C8BE10,C8D0D0,80A70B10,actors
ovl_Demo_Ext,DF4CB0,DF55F0,C8D0D0,C8D7F0,80A72340,actors
ovl_Demo_Shd,DF55F0,DF7A00,C8D7F0,C8F030,80A72C80,actors
ovl_En_Dns,DF7A00,DF8D90,C8F030,C8FD00,80A75090,actors
ovl_Elf_Msg,DF8D90,DF9380,C8FD00,C90160,80A76420,actors
ovl_En_Honotrap,DF9380,DFA8D0,C90160,C91130,80A76A10,actors
ovl_En_Tubo_Trap,DFA8D0,DFB570,C91130,C91A40,80A77F60,actors
ovl_Obj_Ice_Poly,DFB570,DFBF20,C91A40,C92230,80A78C00,actors
ovl_Bg_Spot03_Taki,DFBF20,DFC810,C92230,C92900,80A795B0,actors
ovl_Bg_Spot07_Taki,DFC810,DFCDD0,C92900,C92D70,80A79EA0,actors
ovl_En_Fz,DFCDD0,DFEDE0,C92D70,C94460,80A7A460,actors
ovl_En_Po_Relay,DFEDE0,E004F0,C94460,C955D0,80A7C470,actors
ovl_Bg_Relay_Objects,E004F0,E00CA0,C955D0,C95BF0,80A7DB80,actors
ovl_En_Diving_Game,E00CA0,E02650,C95BF0,C96DE0,80A7E330,actors
ovl_En_Kusa,E02650,E03B30,C96DE0,C97D30,80A7FCE0,actors
ovl_Obj_Bean,E03B30,E062C0,C97D30,C99600,80A811C0,actors
ovl_Obj_Bombiwa,E062C0,E06830,C99600,C99AB0,80A83950,actors
ovl_Obj_Switch,E06830,E085F0,C99AB0,C9AD90,80A83EC0,actors
ovl_Obj_Elevator,E085F0,E089B0,C9AD90,C9B080,80A85C80,actors
ovl_Obj_Lift,E089B0,E093D0,C9B080,C9B8C0,80A86040,actors
ovl_Obj_Hsblock,E093D0,E099A0,C9B8C0,C9BD70,80A86A60,actors
ovl_En_Okarina_Tag,E099A0,E0AEA0,C9BD70,C9C970,80A87030,actors
ovl_En_Yabusame_Mark,E0AEA0,E0B570,C9C970,C9CED0,80A88530,actors
ovl_En_Goroiwa,E0B570,E0D930,C9CED0,C9E7F0,80A88C00,actors
ovl_En_Ex_Ruppy,E0D930,E0E9F0,C9E7F0,C9F4B0,80A8AFC0,actors
ovl_En_Toryo,E0E9F0,E0F680,C9F4B0,C9FDF0,80A8C080,actors
ovl_En_Daiku,E0F680,E10DC0,C9FDF0,CA0FE0,80A8CD10,actors
ovl_En_Nwc,E10DC0,E11800,CA0FE0,CA1890,80A8E450,actors
ovl_En_Blkobj,E11800,E11D60,CA1890,CA1D10,80A8EE90,actors
ovl_Item_Inbox,E11D60,E11EC0,CA1D10,CA1E20,80A8F3F0,actors
ovl_En_Ge1,E11EC0,E13EF0,CA1E20,CA3250,80A8F550,actors
ovl_Obj_Blockstop,E13EF0,E14090,CA3250,CA33D0,80A91580,actors
ovl_En_Sda,E14090,E156D0,CA33D0,CA4260,80A91720,actors
ovl_En_Clear_Tag,E156D0,E1E240,CA4260,CA86A0,80A92E20,actors
ovl_En_Niw_Lady,E1E240,E1FB40,CA86A0,CA9890,80A9E3C0,actors
ovl_En_Gm,E1FB40,E20870,CA9890,CAA2A0,80A9FCC0,actors
ovl_En_Ms,E20870,E20F60,CAA2A0,CAA850,80AA09F0,actors
ovl_En_Hs,E20F60,E21B00,CAA850,CAB090,80AA10E0,actors
ovl_Bg_Ingate,E21B00,E21E90,CAB090,CAB3A0,80AA1C80,actors
ovl_En_Kanban,E21E90,E24FE0,CAB3A0,CAD1B0,80AA2010,actors
ovl_En_Heishi3,E24FE0,E259B0,CAD1B0,CAD8E0,80AA5160,actors
ovl_En_Syateki_Niw,E259B0,E27A40,CAD8E0,CAF0B0,80AA5B30,actors
ovl_En_Attack_Niw,E27A40,E28CA0,CAF0B0,CAFE10,80AA7BC0,actors
ovl_Bg_Spot01_Idosoko,E28CA0,E28EB0,CAFE10,CAFFD0,80AA8E20,actors
ovl_En_Sa,E28EB0,E2B120,CAFFD0,CB15E0,80AA9030,actors
ovl_En_Wonder_Talk,E2B120,E2B7B0,CB15E0,CB1B30,80AAB2A0,actors
ovl_Bg_Gjyo_Bridge,E2B7B0,E2BCB0,CB1B30,CB1F70,80AAB930,actors
ovl_En_Ds,E2BCB0,E2C8D0,CB1F70,CB27D0,80AABE30,actors
ovl_En_Mk,E2C8D0,E2D760,CB27D0,CB31C0,80AACA50,actors
ovl_En_Bom_Bowl_Man,E2D760,E2ECA0,CB31C0,CB4160,80AAD8E0,actors
ovl_En_Bom_Bowl_Pit,E2ECA0,E2F610,CB4160,CB48C0,80AAEE20,actors
ovl_En_Owl,E2F610,E331B0,CB48C0,CB6B40,80AAF790,actors
ovl_En_Ishi,E331B0,E3C300,CB6B40,CB7E90,80AB3330,actors
ovl_Obj_Hana,E3C300,E3C610,CB7E90,CB8100,80ABC480,actors
ovl_Obj_Lightswitch,E3C610,E3DA40,CB8100,CB8F00,80ABC790,actors
ovl_Obj_Mure2,E3DA40,E3E460,CB8F00,CB9680,80ABDBC0,actors
ovl_En_Go,E3E460,E42AA0,CB9680,CBC3E0,80ABE5E0,actors
ovl_En_Fu,E42AA0,E437E0,CBC3E0,CBCE50,80AC2C20,actors
ovl_En_Changer,E437E0,E441C0,CBCE50,CBD5A0,80AC3970,actors
ovl_Bg_Jya_Megami,E441C0,E453A0,CBD5A0,CBE480,80AC4350,actors
ovl_Bg_Jya_Lift,E453A0,E458F0,CBE480,CBE8D0,80AC5530,actors
ovl_Bg_Jya_Bigmirror,E458F0,E46130,CBE8D0,CBEFE0,80AC5A80,actors
ovl_Bg_Jya_Bombchuiwa,E46130,E46C60,CBEFE0,CBF8B0,80AC62C0,actors
ovl_Bg_Jya_Amishutter,E46C60,E46FF0,CBF8B0,CBFB00,80AC6DF0,actors
ovl_Bg_Jya_Bombiwa,E46FF0,E475B0,CBFB00,CBFFE0,80AC7180,actors
ovl_Bg_Spot18_Basket,E475B0,E485A0,CBFFE0,CC0BF0,80AC7740,actors
ovl_En_Ganon_Organ,E485A0,E4F5A0,CC0BF0,CC4250,80AC8730,actors
ovl_En_Siofuki,E4F5A0,E50350,CC4250,CC4C90,80ACF730,actors
ovl_En_Stream,E50350,E508E0,CC4C90,CC5160,80AD04E0,actors
ovl_En_Mm,E508E0,E51F00,CC5160,CC6270,80AD0A70,actors
ovl_En_Ko,E51F00,E56040,CC6270,CC87F0,80AD2090,actors
ovl_En_Kz,E56040,E575E0,CC87F0,CC97F0,80AD61D0,actors
ovl_En_Weather_Tag,E575E0,E584D0,CC97F0,CC9F40,80AD7770,actors
ovl_Bg_Sst_Floor,E584D0,E58A30,CC9F40,CCA430,80AD8660,actors
ovl_En_Ani,E58A30,E597A0,CCA430,CCADC0,80AD8BC0,actors
ovl_En_Ex_Item,E597A0,E5A910,CCADC0,CCBA80,80AD9930,actors
ovl_Bg_Jya_Ironobj,E5A910,E5B6C0,CCBA80,CCC3F0,80ADAAA0,actors
ovl_En_Js,E5B6C0,E5C090,CCC3F0,CCCB10,80ADB850,actors
ovl_En_Jsjutan,E5C090,E60E50,CCCB10,CCE880,80ADC220,actors
ovl_En_Cs,E60E50,E62080,CCE880,CCF660,80AE1B40,actors
ovl_En_Md,E62080,E646F0,CCF660,CD0D60,80AE2D70,actors
ovl_En_Hy,E646F0,E68030,CD0D60,CD3170,80AE53E0,actors
ovl_En_Ganon_Mant,E68030,E6C250,CD3170,CD4EA0,80AE8D20,actors
ovl_En_Okarina_Effect,E6C250,E6C610,CD4EA0,CD5190,80AECF40,actors
ovl_En_Mag,E6C610,E6F520,CD5190,CD7250,80AED300,actors
ovl_Door_Gerudo,E6F520,E6FB10,CD7250,CD7740,80AF2210,actors
ovl_Elf_Msg2,E6FB10,E6FF80,CD7740,CD7A30,80AF2800,actors
ovl_Demo_Gt,E6FF80,E75580,CD7A30,CDA570,80AF2C70,actors
ovl_En_Po_Field,E75580,E78F60,CDA570,CDCE60,80AF8270,actors
ovl_Efc_Erupc,E78F60,E79A40,CDCE60,CDD780,80AFBCE0,actors
ovl_Bg_Zg,E79A40,E79EB0,CDD780,CDDB10,80AFC7C0,actors
ovl_En_Heishi4,E79EB0,E7ADB0,CDDB10,CDE5A0,80AFCC30,actors
ovl_En_Zl3,E7ADB0,E82C00,CDE5A0,CE2610,80AFDB30,actors
ovl_Boss_Ganon2,E82C00,E93F00,CE2610,CECC30,80B05980,actors
ovl_En_Kakasi,E93F00,E94C40,CECC30,CED650,80B187A0,actors
ovl_En_Takara_Man,E94C40,E95500,CED650,CEDDD0,80B194E0,actors
ovl_Obj_Makeoshihiki,E95500,E95990,CEDDD0,CEE1B0,80B19DA0,actors
ovl_Oceff_Spot,E95990,E968C0,CEE1B0,CEEEA0,80B1A230,actors
ovl_End_Title,E968C0,E9A9F0,CEEEA0,CF0910,80B1B160,actors
ovl_En_Torch,E9A9F0,E9AAE0,CF0910,CF09F0,80B1F290,actors
ovl_Demo_Ec,E9AAE0,E9E340,CF09F0,CF2100,80B1F380,actors
ovl_Shot_Sun,E9E340,E9EA00,CF2100,CF26A0,80B22BE0,actors
ovl_En_Dy_Extra,E9EA00,E9EF80,CF26A0,CF2B80,80B232A0,actors
ovl_En_Wonder_Talk2,E9EF80,E9F620,CF2B80,CF3120,80B23820,actors
ovl_En_Ge2,E9F620,EA0FC0,CF3120,CF42B0,80B23EC0,actors
ovl_Obj_Roomtimer,EA0FC0,EA1210,CF42B0,CF44B0,80B25860,actors
ovl_En_Ssh,EA1210,EA3800,CF44B0,CF5F00,80B25AB0,actors
ovl_En_Sth,EA3800,EA78B0,CF5F00,CF8AC0,80B280A0,actors
ovl_Oceff_Wipe,EA78B0,EA8600,CF8AC0,CF9690,80B2C150,actors
ovl_Effect_Ss_Dust,EA8600,EA8E30,CF9690,CF9D40,80B2CEA0,effects
ovl_Effect_Ss_KiraKira,EA8E30,EA94A0,CF9D40,CFA2E0,80B2D6D0,effects
ovl_Effect_Ss_Bomb,EA94A0,EA98C0,CFA2E0,CFA6B0,80B2DD40,effects
ovl_Effect_Ss_Bomb2,EA98C0,EAA1F0,CFA6B0,CFAE20,80B2E160,effects
ovl_Effect_Ss_Blast,EAA1F0,EAA580,CFAE20,CFB190,80B2EA90,effects
ovl_Effect_Ss_G_Spk,EAA580,EAAB30,CFB190,CFB6B0,80B2EE20,effects
ovl_Effect_Ss_D_Fire,EAAB30,EAB020,CFB6B0,CFBB50,80B2F3D0,effects
ovl_Effect_Ss_Bubble,EAB020,EAB4A0,CFBB50,CFBF50,80B2F8C0,effects
ovl_Effect_Ss_G_Ripple,EAB4A0,EABA00,CFBF50,CFC440,80B2FD40,effects
ovl_Effect_Ss_G_Splash,EABA00,EABEB0,CFC440,CFC810,80B302A0,effects
ovl_Effect_Ss_G_Magma,EABEB0,EAC110,CFC810,CFCA50,80B30750,effects
ovl_Effect_Ss_G_Fire,EAC110,EAC3A0,CFCA50,CFCCB0,80B309B0,effects
ovl_Effect_Ss_Lightning,EAC3A0,EACA70,CFCCB0,CFD300,80B30C40,effects
ovl_Effect_Ss_Dt_Bubble,EACA70,EAD000,CFD300,CFD7E0,80B31310,effects
ovl_Effect_Ss_Hahen,EAD000,EAD640,CFD7E0,CFDCC0,80B318A0,effects
ovl_Effect_Ss_Stick,EAD640,EAD9E0,CFDCC0,CFE010,80B31EE0,effects
ovl_Effect_Ss_Sibuki,EAD9E0,EAE0B0,CFE010,CFE620,80B32280,effects
ovl_Effect_Ss_Sibuki2,EAE0B0,EAE3E0,CFE620,CFE930,80B32950,effects
ovl_Effect_Ss_G_Magma2,EAE3E0,EAE8F0,CFE930,CFEDF0,80B32C80,effects
ovl_Effect_Ss_Stone1,EAE8F0,EAEC80,CFEDF0,CFF140,80B33190,effects
ovl_Effect_Ss_HitMark,EAEC80,EAF1D0,CFF140,CFF600,80B33520,effects
ovl_Effect_Ss_Fhg_Flash,EAF1D0,EB0150,CFF600,D00020,80B33A70,effects
ovl_Effect_Ss_K_Fire,EB0150,EB0580,D00020,D00410,80B349F0,effects
ovl_Effect_Ss_Solder_Srch_Ball,EB0580,EB0730,D00410,D005B0,80B34E20,effects
ovl_Effect_Ss_Kakera,EB0730,EB17C0,D005B0,D011F0,80B34FD0,effects
ovl_Effect_Ss_Ice_Piece,EB17C0,EB1C00,D011F0,D01600,80B36060,effects
ovl_Effect_Ss_En_Ice,EB1C00,EB24C0,D01600,D01DC0,80B364A0,effects
ovl_Effect_Ss_Fire_Tail,EB24C0,EB2BC0,D01DC0,D02420,80B36D60,effects
ovl_Effect_Ss_En_Fire,EB2BC0,EB3300,D02420,D02A90,80B37460,effects
ovl_Effect_Ss_Extra,EB3300,EB36C0,D02A90,D02E40,80B37BA0,effects
ovl_Effect_Ss_Fcircle,EB36C0,EB3B70,D02E40,D032B0,80B37F60,effects
ovl_Effect_Ss_Dead_Db,EB3B70,EB4050,D032B0,D03770,80B38410,effects
ovl_Effect_Ss_Dead_Dd,EB4050,EB45E0,D03770,D03C90,80B388F0,effects
ovl_Effect_Ss_Dead_Ds,EB45E0,EB4A60,D03C90,D040C0,80B38E80,effects
ovl_Effect_Ss_Dead_Sound,EB4A60,EB4BA0,D040C0,D04200,80B39300,effects
ovl_Oceff_Storm,EB4BA0,EB6740,D04200,D05C60,80B39440,actors
ovl_En_Weiyer,EB6740,EB8140,D05C60,D06D90,80B3AFE0,actors
ovl_Bg_Spot05_Soko,EB8140,EB8460,D06D90,D07020,80B3C9E0,actors
ovl_Bg_Jya_1flift,EB8460,EB8AF0,D07020,D07520,80B3CD00,actors
ovl_Bg_Jya_Haheniron,EB8AF0,EB92E0,D07520,D07BA0,80B3D390,actors
ovl_Bg_Spot12_Gate,EB92E0,EB96F0,D07BA0,D07EB0,80B3DB80,actors
ovl_Bg_Spot12_Saku,EB96F0,EB9BB0,D07EB0,D08270,80B3DF90,actors
ovl_En_Hintnuts,EB9BB0,EBB5E0,D08270,D09410,80B3E450,actors
ovl_En_Nutsball,EBB5E0,EBBC00,D09410,D09990,80B3FE80,actors
ovl_Bg_Spot00_Break,EBBC00,EBBDA0,D09990,D09B00,80B404A0,actors
ovl_En_Shopnuts,EBBDA0,EBCCB0,D09B00,D0A560,80B40640,actors
ovl_En_It,EBCCB0,EBCE40,D0A560,D0A690,80B41550,actors
ovl_En_GeldB,EBCE40,EC21F0,D0A690,D0DA70,80B416E0,actors
ovl_Oceff_Wipe2,EC21F0,EC3960,D0DA70,D0E8C0,80B46A90,actors
ovl_Oceff_Wipe3,EC3960,EC50B0,D0E8C0,D0FB50,80B48200,actors
ovl_En_Niw_Girl,EC50B0,EC5B80,D0FB50,D104A0,80B49950,actors
ovl_En_Dog,EC5B80,EC6D30,D104A0,D11120,80B4A420,actors
ovl_En_Si,EC6D30,EC7230,D11120,D11540,80B4B5D0,actors
ovl_Bg_Spot01_Objects2,EC7230,EC76F0,D11540,D11950,80B4BAD0,actors
ovl_Obj_Comb,EC76F0,EC7F50,D11950,D12090,80B4BF90,actors
ovl_Bg_Spot11_Bakudankabe,EC7F50,EC8590,D12090,D125F0,80B4C7F0,actors
ovl_Obj_Kibako2,EC8590,EC8C50,D125F0,D12BB0,80B4CE30,actors
ovl_En_Dnt_Demo,EC8C50,EC9970,D12BB0,D13600,80B4D4F0,actors
ovl_En_Dnt_Jiji,EC9970,ECAE80,D13600,D142B0,80B4E210,actors
ovl_En_Dnt_Nomal,ECAE80,ECDC90,D142B0,D15E70,80B4F720,actors
ovl_En_Guest,ECDC90,ECE630,D15E70,D16680,80B52530,actors
ovl_Bg_Bom_Guard,ECE630,ECE850,D16680,D16870,80B52ED0,actors
ovl_En_Hs2,ECE850,ECEE30,D16870,D16D50,80B530F0,actors
ovl_Demo_Kekkai,ECEE30,ED0110,D16D50,D17BF0,80B536D0,actors
ovl_Bg_Spot08_Bakudankabe,ED0110,ED07B0,D17BF0,D181A0,80B549B0,actors
ovl_Bg_Spot17_Bakudankabe,ED07B0,ED0E90,D181A0,D18780,80B55050,actors
ovl_Obj_Mure3,ED0E90,ED1660,D18780,D18DB0,80B55730,actors
ovl_En_Tg,ED1660,ED1D30,D18DB0,D19380,80B55F00,actors
ovl_En_Mu,ED1D30,ED2650,D19380,D19B40,80B565D0,actors
ovl_En_Go2,ED2650,ED8670,D19B40,D1D940,80B56EF0,actors
ovl_En_Wf,ED8670,EDC980,D1D940,D204A0,80B5CF10,actors
ovl_En_Skb,EDC980,EDE270,D204A0,D216C0,80B61220,actors
ovl_Demo_Gj,EDE270,EE1F20,D216C0,D23330,80B62B10,actors
ovl_Demo_Geff,EE1F20,EE2740,D23330,D23920,80B667C0,actors
ovl_Bg_Gnd_Firemeiro,EE2740,EE2C80,D23920,D23D80,80B66FE0,actors
ovl_Bg_Gnd_Darkmeiro,EE2C80,EE3440,D23D80,D24340,80B67520,actors
ovl_Bg_Gnd_Soulmeiro,EE3440,EE3CA0,D24340,D24A30,80B67CE0,actors
ovl_Bg_Gnd_Nisekabe,EE3CA0,EE3E10,D24A30,D24B80,80B68540,actors
ovl_Bg_Gnd_Iceblock,EE3E10,EE4F00,D24B80,D256C0,80B686B0,actors
ovl_Bg_Ydan_Sp,EE4F00,EE6670,D256C0,D267E0,80B697B0,actors
ovl_En_Gb,EE6670,EE7DA0,D267E0,D27910,80B6AF20,actors
ovl_En_Gs,EE7DA0,EE9C40,D27910,D28F90,80B6C650,actors
ovl_Bg_Mizu_Bwall,EE9C40,EEB110,D28F90,D29D70,80B6E4F0,actors
ovl_Bg_Mizu_Shutter,EEB110,EEB910,D29D70,D2A3A0,80B6F9C0,actors
ovl_En_Daiku_Kakariko,EEB910,EECCD0,D2A3A0,D2B290,80B701C0,actors
ovl_Bg_Bowl_Wall,EECCD0,EED650,D2B290,D2BAB0,80B71580,actors
ovl_En_Wall_Tubo,EED650,EEDB40,D2BAB0,D2BED0,80B71F00,actors
ovl_En_Po_Desert,EEDB40,EEE900,D2BED0,D2CA30,80B723F0,actors
ovl_En_Crow,EEE900,EEFFA0,D2CA30,D2DB00,80B731B0,actors
ovl_Door_Killer,EEFFA0,EF1510,D2DB00,D2EB80,80B74850,actors
ovl_Bg_Spot11_Oasis,EF1510,EF1C40,D2EB80,D2F1B0,80B75DC0,actors
ovl_Bg_Spot18_Futa,EF1C40,EF1DE0,D2F1B0,D2F310,80B764F0,actors
ovl_Bg_Spot18_Shutter,EF1DE0,EF2330,D2F310,D2F730,80B76690,actors
ovl_En_Ma3,EF2330,EF32E0,D2F730,D30360,80B76BE0,actors
ovl_En_Cow,EF32E0,EF4740,D30360,D31080,80B77B90,actors
ovl_Bg_Ice_Turara,EF4740,EF4F70,D31080,D31740,80B78FF0,actors
ovl_Bg_Ice_Shutter,EF4F70,EF53E0,D31740,D31AA0,80B79820,actors
ovl_En_Kakasi2,EF53E0,EF5B00,D31AA0,D32040,80B79C90,actors
ovl_En_Kakasi3,EF5B00,EF6BE0,D32040,D32C80,80B7A3B0,actors
ovl_Oceff_Wipe4,EF6BE0,EF7BC0,D32C80,D33850,80B7B490,actors
ovl_En_Eg,EF7BC0,EF7D70,D33850,D339B0,80B7C470,actors
ovl_Bg_Menkuri_Nisekabe,EF7D70,EF7EC0,D339B0,D33AD0,80B7C620,actors
ovl_En_Zo,EF7EC0,EFA470,D33AD0,D35540,80B7C770,actors
ovl_Effect_Ss_Ice_Smoke,EFA470,EFA930,D35540,D35980,80B7ED20,effects
ovl_Obj_Makekinsuta,EFA930,EFAA80,D35980,D35AC0,80B7F1E0,actors
ovl_En_Ge3,EFAA80,EFB5D0,D35AC0,D36340,80B7F330,actors
ovl_Obj_Timeblock,EFB5D0,EFC210,D36340,D36C30,80B7FE80,actors
ovl_Obj_Hamishi,EFC210,EFCA60,D36C30,D37330,80B80AC0,actors
ovl_En_Zl4,EFCA60,F01490,D37330,D39930,80B81310,actors
ovl_En_Mm2,F01490,F02250,D39930,D3A3A0,80B85D40,actors
ovl_Bg_Jya_Block,F02250,F024C0,D3A3A0,D3A600,80B86B00,actors
ovl_Obj_Warp2block,F024C0,F02FF0,D3A600,D3AED0,80B86D70,actors
