name,vrom_start,vrom_end,rom_start,rom_end,overlay_vram_start,overlay_dir
boot,1060,7170,1060,0,,
code,A88000,B8A230,A580D0,AF27E0,,
ovl_title,B8A230,B8AA80,AF27E0,AF2E20,80800000,gamestates
ovl_select,B8AA80,B8D700,AF2E20,AF4900,80800850,gamestates
ovl_opening,B8D700,B8D860,AF4900,AF4A30,808034D0,gamestates
ovl_file_choose,B8D860,B9C470,AF4A30,AFCFD0,80803630,gamestates
ovl_kaleido_scope,B9C470,BB8E30,AFCFD0,B0BEC0,80812260,misc
ovl_player_actor,BB8E30,BDF540,B0BEC0,B25210,8082EC90,actors
ovl_map_mark_data,BDF540,BE6020,B25210,B255C0,80855470,misc
ovl_En_Test,BE6020,BEB8D0,B255C0,B28A90,8085BF50,actors
ovl_Arms_Hook,BEB8D0,BEC640,B28A90,B29520,80861800,actors
ovl_Arrow_Fire,BEC640,BEE520,B29520,B2AFE0,80862570,actors
ovl_Arrow_Ice,BEE520,BF0420,B2AFE0,B2C850,80864450,actors
ovl_Arrow_Light,BF0420,BF2330,B2C850,B2E150,80866350,actors
ovl_Bg_Bdan_Objects,BF2330,BF3600,B2E150,B2EE80,80868260,actors
ovl_Bg_Bdan_Switch,BF3600,BF4A30,B2EE80,B2FA30,80869530,actors
ovl_Bg_Bom_Guard,BF4A30,BF4C50,B2FA30,B2FC20,8086A960,actors
ovl_Bg_Bombwall,BF4C50,BF5510,B2FC20,B30300,8086AB80,actors
ovl_Bg_Bowl_Wall,BF5510,BF5E90,B30300,B30B20,8086B440,actors
ovl_Bg_Breakwall,BF5E90,BF6D00,B30B20,B31680,8086BDC0,actors
ovl_Bg_Ddan_Jd,BF6D00,BF7350,B31680,B31B80,8086CC30,actors
ovl_Bg_Ddan_Kd,BF7350,BF7C40,B31B80,B32260,8086D280,actors
ovl_Bg_Dodoago,BF7C40,BF8980,B32260,B32CC0,8086DB70,actors
ovl_Bg_Dy_Yoseizo,BF8980,BFB770,B32CC0,B34C00,8086E920,actors
ovl_Bg_Ganon_Otyuka,BFB770,BFDDB0,B34C00,B36920,80871710,actors
ovl_Bg_Gate_Shutter,BFDDB0,BFE240,B36920,B36CA0,80873D50,actors
ovl_Bg_Gjyo_Bridge,BFE240,BFE730,B36CA0,B370D0,808741E0,actors
ovl_Bg_Gnd_Darkmeiro,BFE730,BFEEF0,B370D0,B37690,808746D0,actors
ovl_Bg_Gnd_Firemeiro,BFEEF0,BFF440,B37690,B37AF0,80874E90,actors
ovl_Bg_Gnd_Iceblock,BFF440,C00530,B37AF0,B38630,808753E0,actors
ovl_Bg_Gnd_Nisekabe,C00530,C006A0,B38630,B38780,808764E0,actors
ovl_Bg_Gnd_Soulmeiro,C006A0,C00F00,B38780,B38E80,80876650,actors
ovl_Bg_Haka,C00F00,C015C0,B38E80,B39430,80876EB0,actors
ovl_Bg_Haka_Gate,C015C0,C02650,B39430,B3A110,80877570,actors
ovl_Bg_Haka_Huta,C02650,C030F0,B3A110,B3A970,80878610,actors
ovl_Bg_Haka_Megane,C030F0,C034F0,B3A970,B3ACC0,808790B0,actors
ovl_Bg_Haka_MeganeBG,C034F0,C03BB0,B3ACC0,B3B210,808794B0,actors
ovl_Bg_Haka_Sgami,C03BB0,C047D0,B3B210,B3BB90,80879B70,actors
ovl_Bg_Haka_Ship,C047D0,C05220,B3BB90,B3C3C0,8087A790,actors
ovl_Bg_Haka_Trap,C05220,C067F0,B3C3C0,B3D3D0,8087B1E0,actors
ovl_Bg_Haka_Tubo,C067F0,C07210,B3D3D0,B3DC10,8087C7B0,actors
ovl_Bg_Haka_Water,C07210,C07A10,B3DC10,B3E1D0,8087D1D0,actors
ovl_Bg_Haka_Zou,C07A10,C08C00,B3E1D0,B3EF50,8087D9D0,actors
ovl_Bg_Heavy_Block,C08C00,C0A4F0,B3EF50,B40190,8087EBC0,actors
ovl_Bg_Hidan_Curtain,C0A4F0,C0AF90,B40190,B409C0,808804B0,actors
ovl_Bg_Hidan_Dalm,C0AF90,C0B7E0,B409C0,B41020,80880F50,actors
ovl_Bg_Hidan_Firewall,C0B7E0,C0BF40,B41020,B41660,808817A0,actors
ovl_Bg_Hidan_Fslift,C0BF40,C0C410,B41660,B41A10,80881F00,actors
ovl_Bg_Hidan_Fwbig,C0C410,C0D0F0,B41A10,B42470,808823D0,actors
ovl_Bg_Hidan_Hamstep,C0D0F0,C0DFA0,B42470,B42FA0,808830B0,actors
ovl_Bg_Hidan_Hrock,C0DFA0,C0E7D0,B42FA0,B43610,80883F60,actors
ovl_Bg_Hidan_Kousi,C0E7D0,C0ED60,B43610,B43A50,80884790,actors
ovl_Bg_Hidan_Kowarerukabe,C0ED60,C0FC40,B43A50,B44420,80884D20,actors
ovl_Bg_Hidan_Rock,C0FC40,C10D40,B44420,B45100,80885C00,actors
ovl_Bg_Hidan_Rsekizou,C10D40,C11920,B45100,B459E0,80886D00,actors
ovl_Bg_Hidan_Sekizou,C11920,C12D70,B459E0,B46950,808878E0,actors
ovl_Bg_Hidan_Sima,C12D70,C13C70,B46950,B47520,80888D30,actors
ovl_Bg_Hidan_Syoku,C13C70,C140D0,B47520,B47830,80889C30,actors
ovl_Bg_Ice_Objects,C140D0,C15010,B47830,B48270,8088A090,actors
ovl_Bg_Ice_Shelter,C15010,C16250,B48270,B49060,8088AFD0,actors
ovl_Bg_Ice_Shutter,C16250,C166C0,B49060,B493C0,8088C210,actors
ovl_Bg_Ice_Turara,C166C0,C16EF0,B493C0,B49A80,8088C680,actors
ovl_Bg_Ingate,C16EF0,C17280,B49A80,B49DA0,8088CEB0,actors
ovl_Bg_Jya_1flift,C17280,C17910,B49DA0,B4A2A0,8088D240,actors
ovl_Bg_Jya_Amishutter,C17910,C17CA0,B4A2A0,B4A4F0,8088D8D0,actors
ovl_Bg_Jya_Bigmirror,C17CA0,C184F0,B4A4F0,B4AC00,8088DC60,actors
ovl_Bg_Jya_Block,C184F0,C18760,B4AC00,B4AE60,8088E4B0,actors
ovl_Bg_Jya_Bombchuiwa,C18760,C192A0,B4AE60,B4B710,8088E720,actors
ovl_Bg_Jya_Bombiwa,C192A0,C19860,B4B710,B4BBF0,8088F260,actors
ovl_Bg_Jya_Cobra,C19860,C1B5A0,B4BBF0,B4D170,8088F820,actors
ovl_Bg_Jya_Goroiwa,C1B5A0,C1BD20,B4D170,B4D7D0,80891560,actors
ovl_Bg_Jya_Haheniron,C1BD20,C1C510,B4D7D0,B4DE50,80891CE0,actors
ovl_Bg_Jya_Ironobj,C1C510,C1D2C0,B4DE50,B4E7B0,808924D0,actors
ovl_Bg_Jya_Kanaami,C1D2C0,C1D670,B4E7B0,B4EAA0,80893280,actors
ovl_Bg_Jya_Lift,C1D670,C1DBC0,B4EAA0,B4EEF0,80893630,actors
ovl_Bg_Jya_Megami,C1DBC0,C1EDB0,B4EEF0,B4FDD0,80893B80,actors
ovl_Bg_Jya_Zurerukabe,C1EDB0,C1F460,B4FDD0,B50320,80894D70,actors
ovl_Bg_Menkuri_Eye,C1F460,C1F8F0,B50320,B50710,80895420,actors
ovl_Bg_Menkuri_Kaiten,C1F8F0,C1FA80,B50710,B50870,808958C0,actors
ovl_Bg_Menkuri_Nisekabe,C1FA80,C1FBD0,B50870,B50990,80895A50,actors
ovl_Bg_Mizu_Bwall,C1FBD0,C210A0,B50990,B51760,80895BA0,actors
ovl_Bg_Mizu_Movebg,C210A0,C22220,B51760,B52440,80897070,actors
ovl_Bg_Mizu_Shutter,C22220,C22A20,B52440,B52A80,80898200,actors
ovl_Bg_Mizu_Uzu,C22A20,C22BF0,B52A80,B52C00,80898A00,actors
ovl_Bg_Mizu_Water,C22BF0,C238C0,B52C00,B53500,80898BD0,actors
ovl_Bg_Mjin,C238C0,C23CB0,B53500,B53860,808998A0,actors
ovl_Bg_Mori_Bigst,C23CB0,C245E0,B53860,B53ED0,80899C90,actors
ovl_Bg_Mori_Elevator,C245E0,C250D0,B53ED0,B54620,8089A5C0,actors
ovl_Bg_Mori_Hashigo,C250D0,C25990,B54620,B54CA0,8089B0B0,actors
ovl_Bg_Mori_Hashira4,C25990,C25F10,B54CA0,B550F0,8089B970,actors
ovl_Bg_Mori_Hineri,C25F10,C26C60,B550F0,B55AD0,8089BF00,actors
ovl_Bg_Mori_Idomizu,C26C60,C272A0,B55AD0,B55FC0,8089CC50,actors
ovl_Bg_Mori_Kaitenkabe,C272A0,C27910,B55FC0,B56510,8089D290,actors
ovl_Bg_Mori_Rakkatenjo,C27910,C28290,B56510,B56BD0,8089D900,actors
ovl_Bg_Po_Event,C28290,C2A0C0,B56BD0,B58220,8089E280,actors
ovl_Bg_Po_Syokudai,C2A0C0,C2AA30,B58220,B589D0,808A00C0,actors
ovl_Bg_Pushbox,C2AA30,C2AD30,B589D0,B58C60,808A0A30,actors
ovl_Bg_Relay_Objects,C2AD30,C2B4E0,B58C60,B59280,808A0D30,actors
ovl_Bg_Spot00_Break,C2B4E0,C2B680,B59280,B593F0,808A14E0,actors
ovl_Bg_Spot00_Hanebasi,C2B680,C2C790,B593F0,B5A1B0,808A1680,actors
ovl_Bg_Spot01_Fusya,C2C790,C2CA30,B5A1B0,B5A400,808A2790,actors
ovl_Bg_Spot01_Idohashira,C2CA30,C2D630,B5A400,B5AD30,808A2A30,actors
ovl_Bg_Spot01_Idomizu,C2D630,C2D950,B5AD30,B5B000,808A3630,actors
ovl_Bg_Spot01_Idosoko,C2D950,C2DB60,B5B000,B5B1C0,808A3950,actors
ovl_Bg_Spot01_Objects2,C2DB60,C2E020,B5B1C0,B5B5D0,808A3B60,actors
ovl_Bg_Spot02_Objects,C2E020,C2F380,B5B5D0,B5C3B0,808A4020,actors
ovl_Bg_Spot03_Taki,C2F380,C2FCA0,B5C3B0,B5CA90,808A5380,actors
ovl_Bg_Spot05_Soko,C2FCA0,C2FFC0,B5CA90,B5CD20,808A5CA0,actors
ovl_Bg_Spot06_Objects,C2FFC0,C313C0,B5CD20,B5DC30,808A5FC0,actors
ovl_Bg_Spot07_Taki,C313C0,C319B0,B5DC30,B5E0A0,808A73C0,actors
ovl_Bg_Spot08_Bakudankabe,C319B0,C32050,B5E0A0,B5E650,808A79B0,actors
ovl_Bg_Spot08_Iceblock,C32050,C33090,B5E650,B5F1F0,808A8050,actors
ovl_Bg_Spot09_Obj,C33090,C335B0,B5F1F0,B5F5C0,808A9090,actors
ovl_Bg_Spot11_Bakudankabe,C335B0,C33BF0,B5F5C0,B5FB20,808A95B0,actors
ovl_Bg_Spot11_Oasis,C33BF0,C34320,B5FB20,B60150,808A9BF0,actors
ovl_Bg_Spot12_Gate,C34320,C34730,B60150,B60460,808AA320,actors
ovl_Bg_Spot12_Saku,C34730,C34BF0,B60460,B60820,808AA730,actors
ovl_Bg_Spot15_Rrbox,C34BF0,C359D0,B60820,B61230,808AABF0,actors
ovl_Bg_Spot15_Saku,C359D0,C35D10,B61230,B61500,808AB9D0,actors
ovl_Bg_Spot16_Bombstone,C35D10,C37260,B61500,B625E0,808ABD10,actors
ovl_Bg_Spot16_Doughnut,C37260,C37820,B625E0,B62AB0,808AD260,actors
ovl_Bg_Spot17_Bakudankabe,C37820,C37F10,B62AB0,B63090,808AD820,actors
ovl_Bg_Spot17_Funen,C37F10,C38160,B63090,B632A0,808ADF10,actors
ovl_Bg_Spot18_Basket,C38160,C39150,B632A0,B63EB0,808AE160,actors
ovl_Bg_Spot18_Futa,C39150,C392F0,B63EB0,B64010,808AF150,actors
ovl_Bg_Spot18_Obj,C392F0,C39BC0,B64010,B64660,808AF2F0,actors
ovl_Bg_Spot18_Shutter,C39BC0,C3A110,B64660,B64A80,808AFBC0,actors
ovl_Bg_Sst_Floor,C3A110,C3A670,B64A80,B64F70,808B0110,actors
ovl_Bg_Toki_Hikari,C3A670,C3B410,B64F70,B657A0,808B0670,actors
ovl_Bg_Toki_Swd,C3B410,C3CA60,B657A0,B661E0,808B1410,actors
ovl_Bg_Treemouth,C3CA60,C3E0C0,B661E0,B66DE0,808B2A60,actors
ovl_Bg_Umajump,C3E0C0,C3E250,B66DE0,B66F50,808B40C0,actors
ovl_Bg_Vb_Sima,C3E250,C3E970,B66F50,B675A0,808B4250,actors
ovl_Bg_Ydan_Hasi,C3E970,C3F120,B675A0,B67BC0,808B4970,actors
ovl_Bg_Ydan_Maruta,C3F120,C3F800,B67BC0,B68140,808B5120,actors
ovl_Bg_Ydan_Sp,C3F800,C40F20,B68140,B69220,808B5800,actors
ovl_Bg_Zg,C40F20,C41370,B69220,B695A0,808B6F20,actors
ovl_Boss_Dodongo,C41370,C4AE70,B695A0,B6F870,808B7370,actors
ovl_Boss_Fd,C4AE70,C521D0,B6F870,B74570,808C0E70,actors
ovl_Boss_Fd2,C521D0,C55F00,B74570,B770D0,808C81D0,actors
ovl_Boss_Ganon,C55F00,C781B0,B770D0,B8C800,808CBF00,actors
ovl_Boss_Ganon2,C781B0,C89500,B8C800,B96DB0,808F1D30,actors
ovl_Boss_Ganondrof,C89500,C8E290,B96DB0,B9A120,80904BA0,actors
ovl_Boss_Goma,C8E290,C94230,B9A120,B9DB30,80909930,actors
ovl_Boss_Mo,C94230,C9FD00,B9DB30,BA5D50,8090F8D0,actors
ovl_Boss_Sst,C9FD00,CAC290,BA5D50,BAD8B0,8091FEB0,actors
ovl_Boss_Tw,CAC290,CBF3E0,BAD8B0,BB9EA0,8092C480,actors
ovl_Boss_Va,CBF3E0,CCDC70,BB9EA0,BC34D0,80942050,actors
ovl_Demo_6K,CCDC70,CD09D0,BC34D0,BC5620,809592E0,actors
ovl_Demo_Du,CD09D0,CD41B0,BC5620,BC71C0,8095C040,actors
ovl_Demo_Ec,CD41B0,CD7A10,BC71C0,BC88E0,8095F820,actors
ovl_Demo_Effect,CD7A10,CDD5B0,BC88E0,BCC450,80963080,actors
ovl_Demo_Ext,CDD5B0,CDDF00,BCC450,BCCB80,80968C20,actors
ovl_Demo_Geff,CDDF00,CDE720,BCCB80,BCD170,80969570,actors
ovl_Demo_Gj,CDE720,CE23D0,BCD170,BCEDE0,80969D90,actors
ovl_Demo_Go,CE23D0,CE3120,BCEDE0,BCF720,8096DA40,actors
ovl_Demo_Gt,CE3120,CE8730,BCF720,BD22A0,8096E790,actors
ovl_Demo_Ik,CE8730,CE9C40,BD22A0,BD2FB0,80973DA0,actors
ovl_Demo_Im,CE9C40,CEDBB0,BD2FB0,BD4F50,809752B0,actors
ovl_Demo_Kankyo,CEDBB0,CF1850,BD4F50,BD7360,80979220,actors
ovl_Demo_Kekkai,CF1850,CF2B40,BD7360,BD81F0,8097CF10,actors
ovl_Demo_Sa,CF2B40,CF5660,BD81F0,BD9750,8097E200,actors
ovl_Demo_Shd,CF5660,CF7A70,BD9750,BDAF70,80980D20,actors
ovl_Demo_Tre_Lgt,CF7A70,CF8180,BDAF70,BDB560,80983130,actors
ovl_Door_Ana,CF8180,CF87F0,BDB560,BDBAC0,80983840,actors
ovl_Door_Gerudo,CF87F0,CF8DE0,BDBAC0,BDBFC0,80983EB0,actors
ovl_Door_Killer,CF8DE0,CFA350,BDBFC0,BDD040,809844A0,actors
ovl_Door_Shutter,CFA350,CFC610,BDD040,BDE930,80985A10,actors
ovl_Door_Toki,CFC610,CFC770,BDE930,BDEA50,80987CD0,actors
ovl_Door_Warp1,CFC770,D00A70,BDEA50,BE10D0,80987E30,actors
ovl_Efc_Erupc,D00A70,D01560,BE10D0,BE19C0,8098C140,actors
ovl_Eff_Dust,D01560,D02930,BE19C0,BE25B0,8098CC30,actors
ovl_Effect_Ss_Blast,D02930,D02CC0,BE25B0,BE2920,8098E000,effects
ovl_Effect_Ss_Bomb,D02CC0,D030F0,BE2920,BE2D00,8098E390,effects
ovl_Effect_Ss_Bomb2,D030F0,D039F0,BE2D00,BE33B0,8098E7C0,effects
ovl_Effect_Ss_Bubble,D039F0,D03E70,BE33B0,BE37B0,8098F0C0,effects
ovl_Effect_Ss_D_Fire,D03E70,D04360,BE37B0,BE3C50,8098F540,effects
ovl_Effect_Ss_Dead_Db,D04360,D04840,BE3C50,BE4100,8098FA30,effects
ovl_Effect_Ss_Dead_Dd,D04840,D04DD0,BE4100,BE4620,8098FF10,effects
ovl_Effect_Ss_Dead_Ds,D04DD0,D05250,BE4620,BE4A50,809904A0,effects
ovl_Effect_Ss_Dead_Sound,D05250,D05390,BE4A50,BE4B90,80990920,effects
ovl_Effect_Ss_Dt_Bubble,D05390,D05920,BE4B90,BE5070,80990A60,effects
ovl_Effect_Ss_Dust,D05920,D06160,BE5070,BE5720,80990FF0,effects
ovl_Effect_Ss_En_Fire,D06160,D068B0,BE5720,BE5DB0,80991830,effects
ovl_Effect_Ss_En_Ice,D068B0,D07170,BE5DB0,BE6560,80991F80,effects
ovl_Effect_Ss_Extra,D07170,D07530,BE6560,BE6900,80992840,effects
ovl_Effect_Ss_Fcircle,D07530,D079E0,BE6900,BE6D70,80992C00,effects
ovl_Effect_Ss_Fhg_Flash,D079E0,D08960,BE6D70,BE7780,809930B0,effects
ovl_Effect_Ss_Fire_Tail,D08960,D09060,BE7780,BE7DD0,80994030,effects
ovl_Effect_Ss_G_Fire,D09060,D092F0,BE7DD0,BE8030,80994730,effects
ovl_Effect_Ss_G_Magma,D092F0,D09550,BE8030,BE8270,809949C0,effects
ovl_Effect_Ss_G_Magma2,D09550,D09A60,BE8270,BE8730,80994C20,effects
ovl_Effect_Ss_G_Ripple,D09A60,D09FC0,BE8730,BE8C10,80995130,effects
ovl_Effect_Ss_G_Spk,D09FC0,D0A570,BE8C10,BE9130,80995690,effects
ovl_Effect_Ss_G_Splash,D0A570,D0AA20,BE9130,BE94F0,80995C40,effects
ovl_Effect_Ss_Hahen,D0AA20,D0B060,BE94F0,BE99E0,809960F0,effects
ovl_Effect_Ss_HitMark,D0B060,D0B5B0,BE99E0,BE9E90,80996730,effects
ovl_Effect_Ss_Ice_Piece,D0B5B0,D0B9F0,BE9E90,BEA290,80996C80,effects
ovl_Effect_Ss_Ice_Smoke,D0B9F0,D0BED0,BEA290,BEA6D0,809970C0,effects
ovl_Effect_Ss_K_Fire,D0BED0,D0C310,BEA6D0,BEAAD0,809975A0,effects
ovl_Effect_Ss_Kakera,D0C310,D0D3A0,BEAAD0,BEB710,809979E0,effects
ovl_Effect_Ss_KiraKira,D0D3A0,D0DA10,BEB710,BEBCB0,80998A70,effects
ovl_Effect_Ss_Lightning,D0DA10,D0E0E0,BEBCB0,BEC300,809990E0,effects
ovl_Effect_Ss_Sibuki,D0E0E0,D0E7B0,BEC300,BEC900,809997B0,effects
ovl_Effect_Ss_Sibuki2,D0E7B0,D0EAE0,BEC900,BECC00,80999E80,effects
ovl_Effect_Ss_Solder_Srch_Ball,D0EAE0,D0EC90,BECC00,BECDA0,8099A1B0,effects
ovl_Effect_Ss_Stick,D0EC90,D0F030,BECDA0,BED0F0,8099A360,effects
ovl_Effect_Ss_Stone1,D0F030,D0F3B0,BED0F0,BED440,8099A700,effects
ovl_Elf_Msg,D0F3B0,D0F9A0,BED440,BED8A0,8099AA80,actors
ovl_Elf_Msg2,D0F9A0,D0FE10,BED8A0,BEDBA0,8099B070,actors
ovl_En_Am,D0FE10,D12210,BEDBA0,BEF3E0,8099B4E0,actors
ovl_En_Ani,D12210,D12F80,BEF3E0,BEFD70,8099D8E0,actors
ovl_En_Anubice,D12F80,D14230,BEFD70,BF0B40,8099E650,actors
ovl_En_Anubice_Fire,D14230,D14FF0,BF0B40,BF16A0,8099F900,actors
ovl_En_Anubice_Tag,D14FF0,D152C0,BF16A0,BF1910,809A06C0,actors
ovl_En_Arow_Trap,D152C0,D15410,BF1910,BF1A50,809A0990,actors
ovl_En_Arrow,D15410,D16B10,BF1A50,BF2AC0,809A0AE0,actors
ovl_En_Attack_Niw,D16B10,D17D70,BF2AC0,BF3820,809A21E0,actors
ovl_En_Ba,D17D70,D19C40,BF3820,BF4C50,809A3440,actors
ovl_En_Bb,D19C40,D1D920,BF4C50,BF7810,809A5310,actors
ovl_En_Bdfire,D1D920,D1E4C0,BF7810,BF8120,809A8FF0,actors
ovl_En_Bigokuta,D1E4C0,D20FC0,BF8120,BF9E50,809A9B90,actors
ovl_En_Bili,D20FC0,D23290,BF9E50,BFB680,809AC690,actors
ovl_En_Bird,D23290,D23750,BFB680,BFBA60,809AE960,actors
ovl_En_Blkobj,D23750,D23CB0,BFBA60,BFBEE0,809AEE20,actors
ovl_En_Bom,D23CB0,D24B80,BFBEE0,BFCA90,809AF380,actors
ovl_En_Bom_Bowl_Man,D24B80,D260C0,BFCA90,BFDA30,809B0250,actors
ovl_En_Bom_Bowl_Pit,D260C0,D26A30,BFDA30,BFE190,809B1790,actors
ovl_En_Bom_Chu,D26A30,D280D0,BFE190,BFF380,809B2100,actors
ovl_En_Bombf,D280D0,D29560,BFF380,C00370,809B37A0,actors
ovl_En_Boom,D29560,D29E30,C00370,C00AB0,809B4C30,actors
ovl_En_Box,D29E30,D2B980,C00AB0,C01DA0,809B5500,actors
ovl_En_Brob,D2B980,D2CA70,C01DA0,C029E0,809B7060,actors
ovl_En_Bubble,D2CA70,D2DE90,C029E0,C03940,809B8150,actors
ovl_En_Butte,D2DE90,D2F460,C03940,C04910,809B9570,actors
ovl_En_Bw,D2F460,D327F0,C04910,C06BC0,809BAB40,actors
ovl_En_Bx,D327F0,D332F0,C06BC0,C07560,809BDED0,actors
ovl_En_Changer,D332F0,D33CD0,C07560,C07CB0,809BE9D0,actors
ovl_En_Clear_Tag,D33CD0,D3C840,C07CB0,C0C090,809BF3B0,actors
ovl_En_Cow,D3C840,D3DCA0,C0C090,C0CDB0,809CA950,actors
ovl_En_Crow,D3DCA0,D3F340,C0CDB0,C0DE80,809CBDB0,actors
ovl_En_Cs,D3F340,D40570,C0DE80,C0EC70,809CD450,actors
ovl_En_Daiku,D40570,D41CB0,C0EC70,C0FE50,809CE680,actors
ovl_En_Daiku_Kakariko,D41CB0,D43070,C0FE50,C10D30,809CFDC0,actors
ovl_En_Dekubaba,D43070,D46B20,C10D30,C132F0,809D1180,actors
ovl_En_Dekunuts,D46B20,D48320,C132F0,C142A0,809D4C30,actors
ovl_En_Dh,D48320,D49E00,C142A0,C15620,809D6430,actors
ovl_En_Dha,D49E00,D4AE00,C15620,C16200,809D7F10,actors
ovl_En_Diving_Game,D4AE00,D4C7B0,C16200,C17400,809D8F10,actors
ovl_En_Dns,D4C7B0,D4DB40,C17400,C180D0,809DA8C0,actors
ovl_En_Dnt_Demo,D4DB40,D4E860,C180D0,C18B20,809DBC50,actors
ovl_En_Dnt_Jiji,D4E860,D4FD80,C18B20,C197E0,809DC970,actors
ovl_En_Dnt_Nomal,D4FD80,D52B80,C197E0,C1B390,809DDE90,actors
ovl_En_Dodojr,D52B80,D54A20,C1B390,C1C8E0,809E0C90,actors
ovl_En_Dodongo,D54A20,D577C0,C1C8E0,C1E820,809E2B30,actors
ovl_En_Dog,D577C0,D58970,C1E820,C1F4A0,809E58D0,actors
ovl_En_Door,D58970,D597B0,C1F4A0,C20070,809E6A80,actors
ovl_En_Ds,D597B0,D5A3D0,C20070,C208E0,809E78C0,actors
ovl_En_Du,D5A3D0,D5BE60,C208E0,C21B30,809E84E0,actors
ovl_En_Dy_Extra,D5BE60,D5C400,C21B30,C22020,809E9F70,actors
ovl_En_Eg,D5C400,D5C5B0,C22020,C22180,809EA510,actors
ovl_En_Eiyer,D5C5B0,D5E210,C22180,C235B0,809EA6C0,actors
ovl_En_Elf,D5E210,D62BD0,C235B0,C265B0,809EC320,actors
ovl_En_Encount1,D62BD0,D63730,C265B0,C26F10,809F0CE0,actors
ovl_En_Encount2,D63730,D64960,C26F10,C27D20,809F1840,actors
ovl_En_Ex_Item,D64960,D65AE0,C27D20,C289E0,809F2A70,actors
ovl_En_Ex_Ruppy,D65AE0,D66BA0,C289E0,C296B0,809F3BF0,actors
ovl_En_Fd,D66BA0,D69840,C296B0,C2B7A0,809F4CB0,actors
ovl_En_Fd_Fire,D69840,D6A550,C2B7A0,C2C2A0,809F7950,actors
ovl_En_Fhg_Fire,D6A550,D6CBF0,C2C2A0,C2DE40,809F8660,actors
ovl_En_Fire_Rock,D6CBF0,D6DD00,C2DE40,C2EAB0,809FAD00,actors
ovl_En_Firefly,D6DD00,D6FE70,C2EAB0,C30130,809FBE10,actors
ovl_En_Fish,D6FE70,D71F80,C30130,C315F0,809FDF80,actors
ovl_En_Floormas,D71F80,D75360,C315F0,C335E0,80A00090,actors
ovl_En_Fr,D75360,D77DF0,C335E0,C35420,80A03470,actors
ovl_En_Fu,D77DF0,D78B30,C35420,C35E90,80A05F00,actors
ovl_En_Fw,D78B30,D7A2F0,C35E90,C371C0,80A06C50,actors
ovl_En_Fz,D7A2F0,D7C300,C371C0,C38870,80A08410,actors
ovl_En_G_Switch,D7C300,D7DB20,C38870,C39B00,80A0A420,actors
ovl_En_Ganon_Mant,D7DB20,D81D50,C39B00,C3B850,80A0BC40,actors
ovl_En_Ganon_Organ,D81D50,D88D90,C3B850,C3EEE0,80A0FE70,actors
ovl_En_Gb,D88D90,D8A4C0,C3EEE0,C40010,80A16EB0,actors
ovl_En_Ge1,D8A4C0,D8C4F0,C40010,C41440,80A185E0,actors
ovl_En_Ge2,D8C4F0,D8DE90,C41440,C425D0,80A1A610,actors
ovl_En_Ge3,D8DE90,D8EAD0,C425D0,C42EF0,80A1BFB0,actors
ovl_En_GeldB,D8EAD0,D93E80,C42EF0,C462C0,80A1CBF0,actors
ovl_En_GirlA,D93E80,D967A0,C462C0,C47730,80A21FA0,actors
ovl_En_Gm,D967A0,D974D0,C47730,C48140,80A248C0,actors
ovl_En_Go,D974D0,D9BB10,C48140,C4AEC0,80A255F0,actors
ovl_En_Go2,D9BB10,DA1B50,C4AEC0,C4ECE0,80A29C30,actors
ovl_En_Goma,DA1B50,DA4800,C4ECE0,C50A80,80A2FC70,actors
ovl_En_Goroiwa,DA4800,DA6BC0,C50A80,C523A0,80A32920,actors
ovl_En_Gs,DA6BC0,DA8A30,C523A0,C53A00,80A34CE0,actors
ovl_En_Guest,DA8A30,DA93D0,C53A00,C54210,80A36B50,actors
ovl_En_Hata,DA93D0,DA9960,C54210,C54710,80A374F0,actors
ovl_En_Heishi1,DA9960,DAAE70,C54710,C55570,80A37A80,actors
ovl_En_Heishi2,DAAE70,DAD070,C55570,C56A20,80A38F90,actors
ovl_En_Heishi3,DAD070,DADA40,C56A20,C57150,80A3B190,actors
ovl_En_Heishi4,DADA40,DAE940,C57150,C57BE0,80A3BB60,actors
ovl_En_Hintnuts,DAE940,DB0370,C57BE0,C58D90,80A3CA60,actors
ovl_En_Holl,DB0370,DB1340,C58D90,C59930,80A3E490,actors
ovl_En_Honotrap,DB1340,DB28A0,C59930,C5A900,80A3F460,actors
ovl_En_Horse,DB28A0,DBEB00,C5A900,C62100,80A409C0,actors
ovl_En_Horse_Game_Check,DBEB00,DBFBD0,C62100,C62D20,80A4CC20,actors
ovl_En_Horse_Ganon,DBFBD0,DC0950,C62D20,C63790,80A4DCF0,actors
ovl_En_Horse_Link_Child,DC0950,DC2750,C63790,C64990,80A4EA70,actors
ovl_En_Horse_Normal,DC2750,DC4D70,C64990,C661E0,80A50870,actors
ovl_En_Horse_Zelda,DC4D70,DC5860,C661E0,C66AB0,80A52E90,actors
ovl_En_Hs,DC5860,DC6400,C66AB0,C672F0,80A53980,actors
ovl_En_Hs2,DC6400,DC69E0,C672F0,C677D0,80A54520,actors
ovl_En_Hy,DC69E0,DCA320,C677D0,C69C00,80A54B00,actors
ovl_En_Ice_Hono,DCA320,DCB510,C69C00,C6A8D0,80A58440,actors
ovl_En_Ik,DCB510,DCFB60,C6A8D0,C6D1C0,80A59630,actors
ovl_En_In,DCFB60,DD2900,C6D1C0,C6F290,80A5DC90,actors
ovl_En_Insect,DD2900,DD4E20,C6F290,C70B30,80A60A30,actors
ovl_En_Ishi,DD4E20,DDDF70,C70B30,C71E90,80A62F50,actors
ovl_En_It,DDDF70,DDE100,C71E90,C71FC0,80A6C0A0,actors
ovl_En_Jj,DDE100,DDF6D0,C71FC0,C72C10,80A6C230,actors
ovl_En_Js,DDF6D0,DE00A0,C72C10,C73330,80A6D800,actors
ovl_En_Jsjutan,DE00A0,DE4E70,C73330,C750A0,80A6E1D0,actors
ovl_En_Kakasi,DE4E70,DE5BB0,C750A0,C75AC0,80A73B00,actors
ovl_En_Kakasi2,DE5BB0,DE62D0,C75AC0,C76060,80A74840,actors
ovl_En_Kakasi3,DE62D0,DE73B0,C76060,C76CA0,80A74F60,actors
ovl_En_Kanban,DE73B0,DEA500,C76CA0,C78AB0,80A76040,actors
ovl_En_Karebaba,DEA500,DEBDF0,C78AB0,C79C30,80A79190,actors
ovl_En_Ko,DEBDF0,DEFF30,C79C30,C7C1D0,80A7AA80,actors
ovl_En_Kusa,DEFF30,DF1410,C7C1D0,C7D120,80A7EBC0,actors
ovl_En_Kz,DF1410,DF29B0,C7D120,C7E120,80A800A0,actors
ovl_En_Light,DF29B0,DF37B0,C7E120,C7EB00,80A81640,actors
ovl_En_Lightbox,DF37B0,DF3C30,C7EB00,C7EED0,80A82440,actors
ovl_En_M_Fire1,DF3C30,DF3DD0,C7EED0,C7F020,80A828C0,actors
ovl_En_M_Thunder,DF3DD0,DF53D0,C7F020,C80020,80A82A60,actors
ovl_En_Ma1,DF53D0,DF66B0,C80020,C80E30,80A84060,actors
ovl_En_Ma2,DF66B0,DF7710,C80E30,C81AB0,80A85340,actors
ovl_En_Ma3,DF7710,DF86C0,C81AB0,C826D0,80A863A0,actors
ovl_En_Mag,DF86C0,DFABE0,C826D0,C84120,80A87350,actors
ovl_En_Mb,DFABE0,DFEE10,C84120,C86C10,80A89870,actors
ovl_En_Md,DFEE10,E01480,C86C10,C88310,80A8DAA0,actors
ovl_En_Mk,E01480,E02310,C88310,C88CF0,80A90110,actors
ovl_En_Mm,E02310,E03970,C88CF0,C89DF0,80A90FA0,actors
ovl_En_Mm2,E03970,E04730,C89DF0,C8A860,80A92600,actors
ovl_En_Ms,E04730,E04E20,C8A860,C8AE10,80A933C0,actors
ovl_En_Mu,E04E20,E05740,C8AE10,C8B5D0,80A93AB0,actors
ovl_En_Nb,E05740,E09D10,C8B5D0,C8DA50,80A943D0,actors
ovl_En_Niw,E09D10,E0D040,C8DA50,C8FF30,80A989A0,actors
ovl_En_Niw_Girl,E0D040,E0DB10,C8FF30,C90880,80A9BCD0,actors
ovl_En_Niw_Lady,E0DB10,E0F410,C90880,C91A70,80A9C7A0,actors
ovl_En_Nutsball,E0F410,E0FA30,C91A70,C91FF0,80A9E0A0,actors
ovl_En_Nwc,E0FA30,E10450,C91FF0,C92880,80A9E6C0,actors
ovl_En_Ny,E10450,E11D90,C92880,C93B00,80A9F0E0,actors
ovl_En_OE2,E11D90,E11E70,C93B00,C93B90,80AA0A20,actors
ovl_En_Okarina_Effect,E11E70,E12230,C93B90,C93E80,80AA0B00,actors
ovl_En_Okarina_Tag,E12230,E13730,C93E80,C94A80,80AA0EC0,actors
ovl_En_Okuta,E13730,E15D10,C94A80,C964C0,80AA23C0,actors
ovl_En_Ossan,E15D10,E1C2F0,C964C0,C99CA0,80AA49A0,actors
ovl_En_Owl,E1C2F0,E1FE90,C99CA0,C9BF20,80AAAF80,actors
ovl_En_Part,E1FE90,E214F0,C9BF20,C9CF90,80AAEB20,actors
ovl_En_Peehat,E214F0,E24BF0,C9CF90,C9F260,80AB0180,actors
ovl_En_Po_Desert,E24BF0,E259B0,C9F260,C9FDB0,80AB3880,actors
ovl_En_Po_Field,E259B0,E293B0,C9FDB0,CA2620,80AB4640,actors
ovl_En_Po_Relay,E293B0,E2AAC0,CA2620,CA37A0,80AB80D0,actors
ovl_En_Po_Sisters,E2AAC0,E2F7B0,CA37A0,CA69E0,80AB97E0,actors
ovl_En_Poh,E2F7B0,E339A0,CA69E0,CA9420,80ABE4D0,actors
ovl_En_Pu_box,E339A0,E33CE0,CA9420,CA9700,80AC26C0,actors
ovl_En_Rd,E33CE0,E365A0,CA9700,CAB110,80AC2A00,actors
ovl_En_Reeba,E365A0,E38010,CAB110,CAC410,80AC52C0,actors
ovl_En_River_Sound,E38010,E389A0,CAC410,CACBE0,80AC6D30,actors
ovl_En_Rl,E389A0,E39880,CACBE0,CAD500,80AC76C0,actors
ovl_En_Rr,E39880,E3BDB0,CAD500,CAF010,80AC85A0,actors
ovl_En_Ru1,E3BDB0,E43450,CAF010,CB2E60,80ACAAD0,actors
ovl_En_Ru2,E43450,E461D0,CB2E60,CB44A0,80AD2170,actors
ovl_En_Sa,E461D0,E48440,CB44A0,CB5B00,80AD4EF0,actors
ovl_En_Sb,E48440,E49880,CB5B00,CB6880,80AD7160,actors
ovl_En_Scene_Change,E49880,E499B0,CB6880,CB6970,80AD85A0,actors
ovl_En_Sda,E499B0,E4AFE0,CB6970,CB7840,80AD86D0,actors
ovl_En_Shopnuts,E4AFE0,E4BEF0,CB7840,CB82A0,80AD9DC0,actors
ovl_En_Si,E4BEF0,E4C3F0,CB82A0,CB86C0,80ADACD0,actors
ovl_En_Siofuki,E4C3F0,E4D1A0,CB86C0,CB9100,80ADB1D0,actors
ovl_En_Skb,E4D1A0,E4EA90,CB9100,CBA320,80ADBF80,actors
ovl_En_Skj,E4EA90,E523D0,CBA320,CBC6E0,80ADD870,actors
ovl_En_Skjneedle,E523D0,E526E0,CBC6E0,CBC990,80AE11C0,actors
ovl_En_Ssh,E526E0,E54CD0,CBC990,CBE3E0,80AE14D0,actors
ovl_En_St,E54CD0,E57940,CBE3E0,CC02C0,80AE3AC0,actors
ovl_En_Sth,E57940,E5BA00,CC02C0,CC2E90,80AE6730,actors
ovl_En_Stream,E5BA00,E5BF90,CC2E90,CC3360,80AEA7F0,actors
ovl_En_Sw,E5BF90,E5F700,CC3360,CC5BA0,80AEAD80,actors
ovl_En_Syateki_Itm,E5F700,E604A0,CC5BA0,CC6610,80AEE570,actors
ovl_En_Syateki_Man,E604A0,E61260,CC6610,CC7040,80AEF310,actors
ovl_En_Syateki_Niw,E61260,E632F0,CC7040,CC8810,80AF00D0,actors
ovl_En_Ta,E632F0,E66CB0,CC8810,CCAB60,80AF2160,actors
ovl_En_Takara_Man,E66CB0,E67570,CCAB60,CCB2E0,80AF5B20,actors
ovl_En_Tana,E67570,E67820,CCB2E0,CCB520,80AF63E0,actors
ovl_En_Tg,E67820,E67F00,CCB520,CCBAF0,80AF6690,actors
ovl_En_Tite,E67F00,E6ACA0,CCBAF0,CCD6A0,80AF6D70,actors
ovl_En_Tk,E6ACA0,E6CAD0,CCD6A0,CCECD0,80AF9B10,actors
ovl_En_Torch,E6CAD0,E6CBC0,CCECD0,CCEDB0,80AFB940,actors
ovl_En_Torch2,E6CBC0,E6F320,CCEDB0,CD0A50,80AFBA30,actors
ovl_En_Toryo,E6F320,E6FFB0,CD0A50,CD1380,80AFE1D0,actors
ovl_En_Tp,E6FFB0,E71E20,CD1380,CD29B0,80AFEE60,actors
ovl_En_Tr,E71E20,E73720,CD29B0,CD3BB0,80B00CD0,actors
ovl_En_Trap,E73720,E749C0,CD3BB0,CD47F0,80B025D0,actors
ovl_En_Tubo_Trap,E749C0,E75660,CD47F0,CD5100,80B03870,actors
ovl_En_Vali,E75660,E77D20,CD5100,CD6BB0,80B04510,actors
ovl_En_Vase,E77D20,E77E20,CD6BB0,CD6C90,80B06BD0,actors
ovl_En_Vb_Ball,E77E20,E78FD0,CD6C90,CD79E0,80B06CD0,actors
ovl_En_Viewer,E78FD0,E7BE70,CD79E0,CD9950,80B07E80,actors
ovl_En_Vm,E7BE70,E7D730,CD9950,CDAAF0,80B0AD40,actors
ovl_En_Wall_Tubo,E7D730,E7DC20,CDAAF0,CDAF10,80B0C600,actors
ovl_En_Wallmas,E7DC20,E7F630,CDAF10,CDC0B0,80B0CAF0,actors
ovl_En_Weather_Tag,E7F630,E80520,CDC0B0,CDC7F0,80B0E500,actors
ovl_En_Weiyer,E80520,E81F20,CDC7F0,CDD910,80B0F3F0,actors
ovl_En_Wf,E81F20,E86230,CDD910,CE0460,80B10DF0,actors
ovl_En_Wonder_Item,E86230,E86E80,CE0460,CE0D20,80B15100,actors
ovl_En_Wonder_Talk,E86E80,E87510,CE0D20,CE1270,80B15E30,actors
ovl_En_Wonder_Talk2,E87510,E87BB0,CE1270,CE1810,80B164C0,actors
ovl_En_Wood02,E87BB0,E88D80,CE1810,CE2650,80B16B60,actors
ovl_En_Xc,E88D80,E8F4E0,CE2650,CE5B10,80B17D40,actors
ovl_En_Yabusame_Mark,E8F4E0,E8FBB0,CE5B10,CE6070,80B1E4D0,actors
ovl_En_Yukabyun,E8FBB0,E901C0,CE6070,CE65C0,80B1EBA0,actors
ovl_En_Zf,E901C0,E96CA0,CE65C0,CEAA50,80B1F1B0,actors
ovl_En_Zl1,E96CA0,E9AAB0,CEAA50,CEC9C0,80B25CA0,actors
ovl_En_Zl2,E9AAB0,E9F1B0,CEC9C0,CEEDB0,80B29AB0,actors
ovl_En_Zl3,E9F1B0,EA7000,CEEDB0,CF2E70,80B2E1B0,actors
ovl_En_Zl4,EA7000,EABA30,CF2E70,CF5440,80B36000,actors
ovl_En_Zo,EABA30,EADFF0,CF5440,CF6E60,80B3AA30,actors
ovl_En_fHG,EADFF0,EB0920,CF6E60,CF89A0,80B3CFF0,actors
ovl_End_Title,EB0920,EB4A40,CF89A0,CFA410,80B3F920,actors
ovl_Fishing,EB4A40,EC84E0,CFA410,D078E0,80B43A40,actors
ovl_Item_B_Heart,EC84E0,EC88F0,D078E0,D07C50,80B5E5B0,actors
ovl_Item_Etcetera,EC88F0,EC91C0,D07C50,D082F0,80B5E9C0,actors
ovl_Item_Inbox,EC91C0,EC9320,D082F0,D08400,80B5F290,actors
ovl_Item_Ocarina,EC9320,EC9AF0,D08400,D089C0,80B5F3F0,actors
ovl_Item_Shield,EC9AF0,ECA500,D089C0,D091C0,80B5FBC0,actors
ovl_Magic_Dark,ECA500,ECBD50,D091C0,D0A500,80B605D0,actors
ovl_Magic_Fire,ECBD50,ECE050,D0A500,D0C440,80B61E20,actors
ovl_Magic_Wind,ECE050,ECFD50,D0C440,D0DDD0,80B64120,actors
ovl_Mir_Ray,ECFD50,ED1600,D0DDD0,D0F1C0,80B65E20,actors
ovl_Obj_Bean,ED1600,ED3D90,D0F1C0,D10A90,80B676D0,actors
ovl_Obj_Blockstop,ED3D90,ED3F30,D10A90,D10C10,80B69E60,actors
ovl_Obj_Bombiwa,ED3F30,ED44A0,D10C10,D110D0,80B6A000,actors
ovl_Obj_Comb,ED44A0,ED4D00,D110D0,D11810,80B6A570,actors
ovl_Obj_Dekujr,ED4D00,ED5340,D11810,D11D50,80B6ADD0,actors
ovl_Obj_Elevator,ED5340,ED5700,D11D50,D12040,80B6B410,actors
ovl_Obj_Hamishi,ED5700,ED5F50,D12040,D12750,80B6B7D0,actors
ovl_Obj_Hana,ED5F50,ED6260,D12750,D129C0,80B6C020,actors
ovl_Obj_Hsblock,ED6260,ED6830,D129C0,D12E70,80B6C330,actors
ovl_Obj_Ice_Poly,ED6830,ED71E0,D12E70,D13660,80B6C900,actors
ovl_Obj_Kibako,ED71E0,ED7EE0,D13660,D13F40,80B6D2B0,actors
ovl_Obj_Kibako2,ED7EE0,ED85A0,D13F40,D14500,80B6DFB0,actors
ovl_Obj_Lift,ED85A0,ED8FC0,D14500,D14D40,80B6E670,actors
ovl_Obj_Lightswitch,ED8FC0,EDA3F0,D14D40,D15B10,80B6F090,actors
ovl_Obj_Makekinsuta,EDA3F0,EDA540,D15B10,D15C50,80B704C0,actors
ovl_Obj_Makeoshihiki,EDA540,EDA9D0,D15C50,D16030,80B70610,actors
ovl_Obj_Mure,EDA9D0,EDB9E0,D16030,D16B60,80B70AA0,actors
ovl_Obj_Mure2,EDB9E0,EDC400,D16B60,D172E0,80B71AB0,actors
ovl_Obj_Mure3,EDC400,EDCBD0,D172E0,D17910,80B724D0,actors
ovl_Obj_Oshihiki,EDCBD0,EDE680,D17910,D18BB0,80B72CA0,actors
ovl_Obj_Roomtimer,EDE680,EDE8D0,D18BB0,D18DB0,80B74750,actors
ovl_Obj_Switch,EDE8D0,EE06B0,D18DB0,D1A080,80B749A0,actors
ovl_Obj_Syokudai,EE06B0,EE12F0,D1A080,D1AAB0,80B76780,actors
ovl_Obj_Timeblock,EE12F0,EE1F40,D1AAB0,D1B3B0,80B773D0,actors
ovl_Obj_Tsubo,EE1F40,EE2F30,D1B3B0,D1BF10,80B78020,actors
ovl_Obj_Warp2block,EE2F30,EE3A60,D1BF10,D1C7E0,80B79010,actors
ovl_Object_Kankyo,EE3A60,EE6CE0,D1C7E0,D1EB40,80B79B40,actors
ovl_Oceff_Spot,EE6CE0,EE7C10,D1EB40,D1F830,80B7CDC0,actors
ovl_Oceff_Storm,EE7C10,EE97C0,D1F830,D212B0,80B7DCF0,actors
ovl_Oceff_Wipe,EE97C0,EEA540,D212B0,D21E70,80B7F8A0,actors
ovl_Oceff_Wipe2,EEA540,EEBCB0,D21E70,D22CB0,80B80620,actors
ovl_Oceff_Wipe3,EEBCB0,EED400,D22CB0,D23F30,80B81D90,actors
ovl_Oceff_Wipe4,EED400,EEE3E0,D23F30,D24B10,80B834E0,actors
ovl_Shot_Sun,EEE3E0,EEEAA0,D24B10,D250B0,80B844C0,actors
