Name,VRAM start
makerom,80000000
boot,80000460
dmadata,
Audiobank,
Audioseq,
Audiotable,
link_animetion,
icon_item_static,
icon_item_24_static,
icon_item_field_static,
icon_item_dungeon_static,
icon_item_gameover_static,
icon_item_nes_static,
icon_item_ger_static,
icon_item_fra_static,
item_name_static,
map_name_static,
do_action_static,
message_static,
message_texture_static,
nes_font_static,
nes_message_data_static,
ger_message_data_static,
fra_message_data_static,
staff_message_data_static,
map_grand_static,
map_48x85_static,
map_i_static,
code,80010F00
ovl_title,80800000
ovl_select,80800850
ovl_opening,808034D0
ovl_file_choose,80803630
ovl_kaleido_scope,80812260
ovl_player_actor,8082EC90
ovl_map_mark_data,80855470
ovl_En_Test,8085BF50
ovl_Arms_Hook,80861800
ovl_Arrow_Fire,80862570
ovl_Arrow_Ice,80864450
ovl_Arrow_Light,80866350
ovl_Bg_Bdan_Objects,80868260
ovl_Bg_Bdan_Switch,80869530
ovl_Bg_Bom_Guard,8086A960
ovl_Bg_Bombwall,8086AB80
ovl_Bg_Bowl_Wall,8086B440
ovl_Bg_Breakwall,8086BDC0
ovl_Bg_Ddan_Jd,8086CC30
ovl_Bg_Ddan_Kd,8086D280
ovl_Bg_Dodoago,8086DB70
ovl_Bg_Dy_Yoseizo,8086E920
ovl_Bg_Ganon_Otyuka,80871710
ovl_Bg_Gate_Shutter,80873D50
ovl_Bg_Gjyo_Bridge,808741E0
ovl_Bg_Gnd_Darkmeiro,808746D0
ovl_Bg_Gnd_Firemeiro,80874E90
ovl_Bg_Gnd_Iceblock,808753E0
ovl_Bg_Gnd_Nisekabe,808764E0
ovl_Bg_Gnd_Soulmeiro,80876650
ovl_Bg_Haka,80876EB0
ovl_Bg_Haka_Gate,80877570
ovl_Bg_Haka_Huta,80878610
ovl_Bg_Haka_Megane,808790B0
ovl_Bg_Haka_MeganeBG,808794B0
ovl_Bg_Haka_Sgami,80879B70
ovl_Bg_Haka_Ship,8087A790
ovl_Bg_Haka_Trap,8087B1E0
ovl_Bg_Haka_Tubo,8087C7B0
ovl_Bg_Haka_Water,8087D1D0
ovl_Bg_Haka_Zou,8087D9D0
ovl_Bg_Heavy_Block,8087EBC0
ovl_Bg_Hidan_Curtain,808804B0
ovl_Bg_Hidan_Dalm,80880F50
ovl_Bg_Hidan_Firewall,808817A0
ovl_Bg_Hidan_Fslift,80881F00
ovl_Bg_Hidan_Fwbig,808823D0
ovl_Bg_Hidan_Hamstep,808830B0
ovl_Bg_Hidan_Hrock,80883F60
ovl_Bg_Hidan_Kousi,80884790
ovl_Bg_Hidan_Kowarerukabe,80884D20
ovl_Bg_Hidan_Rock,80885C00
ovl_Bg_Hidan_Rsekizou,80886D00
ovl_Bg_Hidan_Sekizou,808878E0
ovl_Bg_Hidan_Sima,80888D30
ovl_Bg_Hidan_Syoku,80889C30
ovl_Bg_Ice_Objects,8088A090
ovl_Bg_Ice_Shelter,8088AFD0
ovl_Bg_Ice_Shutter,8088C210
ovl_Bg_Ice_Turara,8088C680
ovl_Bg_Ingate,8088CEB0
ovl_Bg_Jya_1flift,8088D240
ovl_Bg_Jya_Amishutter,8088D8D0
ovl_Bg_Jya_Bigmirror,8088DC60
ovl_Bg_Jya_Block,8088E4B0
ovl_Bg_Jya_Bombchuiwa,8088E720
ovl_Bg_Jya_Bombiwa,8088F260
ovl_Bg_Jya_Cobra,8088F820
ovl_Bg_Jya_Goroiwa,80891560
ovl_Bg_Jya_Haheniron,80891CE0
ovl_Bg_Jya_Ironobj,808924D0
ovl_Bg_Jya_Kanaami,80893280
ovl_Bg_Jya_Lift,80893630
ovl_Bg_Jya_Megami,80893B80
ovl_Bg_Jya_Zurerukabe,80894D70
ovl_Bg_Menkuri_Eye,80895420
ovl_Bg_Menkuri_Kaiten,808958C0
ovl_Bg_Menkuri_Nisekabe,80895A50
ovl_Bg_Mizu_Bwall,80895BA0
ovl_Bg_Mizu_Movebg,80897070
ovl_Bg_Mizu_Shutter,80898200
ovl_Bg_Mizu_Uzu,80898A00
ovl_Bg_Mizu_Water,80898BD0
ovl_Bg_Mjin,808998A0
ovl_Bg_Mori_Bigst,80899C90
ovl_Bg_Mori_Elevator,8089A5C0
ovl_Bg_Mori_Hashigo,8089B0B0
ovl_Bg_Mori_Hashira4,8089B970
ovl_Bg_Mori_Hineri,8089BF00
ovl_Bg_Mori_Idomizu,8089CC50
ovl_Bg_Mori_Kaitenkabe,8089D290
ovl_Bg_Mori_Rakkatenjo,8089D900
ovl_Bg_Po_Event,8089E280
ovl_Bg_Po_Syokudai,808A00C0
ovl_Bg_Pushbox,808A0A30
ovl_Bg_Relay_Objects,808A0D30
ovl_Bg_Spot00_Break,808A14E0
ovl_Bg_Spot00_Hanebasi,808A1680
ovl_Bg_Spot01_Fusya,808A2790
ovl_Bg_Spot01_Idohashira,808A2A30
ovl_Bg_Spot01_Idomizu,808A3630
ovl_Bg_Spot01_Idosoko,808A3950
ovl_Bg_Spot01_Objects2,808A3B60
ovl_Bg_Spot02_Objects,808A4020
ovl_Bg_Spot03_Taki,808A5380
ovl_Bg_Spot05_Soko,808A5CA0
ovl_Bg_Spot06_Objects,808A5FC0
ovl_Bg_Spot07_Taki,808A73C0
ovl_Bg_Spot08_Bakudankabe,808A79B0
ovl_Bg_Spot08_Iceblock,808A8050
ovl_Bg_Spot09_Obj,808A9090
ovl_Bg_Spot11_Bakudankabe,808A95B0
ovl_Bg_Spot11_Oasis,808A9BF0
ovl_Bg_Spot12_Gate,808AA320
ovl_Bg_Spot12_Saku,808AA730
ovl_Bg_Spot15_Rrbox,808AABF0
ovl_Bg_Spot15_Saku,808AB9D0
ovl_Bg_Spot16_Bombstone,808ABD10
ovl_Bg_Spot16_Doughnut,808AD260
ovl_Bg_Spot17_Bakudankabe,808AD820
ovl_Bg_Spot17_Funen,808ADF10
ovl_Bg_Spot18_Basket,808AE160
ovl_Bg_Spot18_Futa,808AF150
ovl_Bg_Spot18_Obj,808AF2F0
ovl_Bg_Spot18_Shutter,808AFBC0
ovl_Bg_Sst_Floor,808B0110
ovl_Bg_Toki_Hikari,808B0670
ovl_Bg_Toki_Swd,808B1410
ovl_Bg_Treemouth,808B2A60
ovl_Bg_Umajump,808B40C0
ovl_Bg_Vb_Sima,808B4250
ovl_Bg_Ydan_Hasi,808B4970
ovl_Bg_Ydan_Maruta,808B5120
ovl_Bg_Ydan_Sp,808B5800
ovl_Bg_Zg,808B6F20
ovl_Boss_Dodongo,808B7370
ovl_Boss_Fd,808C0E70
ovl_Boss_Fd2,808C81D0
ovl_Boss_Ganon,808CBF00
ovl_Boss_Ganon2,808F1D30
ovl_Boss_Ganondrof,80904BA0
ovl_Boss_Goma,80909930
ovl_Boss_Mo,8090F8D0
ovl_Boss_Sst,8091FEB0
ovl_Boss_Tw,8092C480
ovl_Boss_Va,80942050
ovl_Demo_6K,809592E0
ovl_Demo_Du,8095C040
ovl_Demo_Ec,8095F820
ovl_Demo_Effect,80963080
ovl_Demo_Ext,80968C20
ovl_Demo_Geff,80969570
ovl_Demo_Gj,80969D90
ovl_Demo_Go,8096DA40
ovl_Demo_Gt,8096E790
ovl_Demo_Ik,80973DA0
ovl_Demo_Im,809752B0
ovl_Demo_Kankyo,80979220
ovl_Demo_Kekkai,8097CF10
ovl_Demo_Sa,8097E200
ovl_Demo_Shd,80980D20
ovl_Demo_Tre_Lgt,80983130
ovl_Door_Ana,80983840
ovl_Door_Gerudo,80983EB0
ovl_Door_Killer,809844A0
ovl_Door_Shutter,80985A10
ovl_Door_Toki,80987CD0
ovl_Door_Warp1,80987E30
ovl_Efc_Erupc,8098C140
ovl_Eff_Dust,8098CC30
ovl_Effect_Ss_Blast,8098E000
ovl_Effect_Ss_Bomb,8098E390
ovl_Effect_Ss_Bomb2,8098E7C0
ovl_Effect_Ss_Bubble,8098F0C0
ovl_Effect_Ss_D_Fire,8098F540
ovl_Effect_Ss_Dead_Db,8098FA30
ovl_Effect_Ss_Dead_Dd,8098FF10
ovl_Effect_Ss_Dead_Ds,809904A0
ovl_Effect_Ss_Dead_Sound,80990920
ovl_Effect_Ss_Dt_Bubble,80990A60
ovl_Effect_Ss_Dust,80990FF0
ovl_Effect_Ss_En_Fire,80991830
ovl_Effect_Ss_En_Ice,80991F80
ovl_Effect_Ss_Extra,80992840
ovl_Effect_Ss_Fcircle,80992C00
ovl_Effect_Ss_Fhg_Flash,809930B0
ovl_Effect_Ss_Fire_Tail,80994030
ovl_Effect_Ss_G_Fire,80994730
ovl_Effect_Ss_G_Magma,809949C0
ovl_Effect_Ss_G_Magma2,80994C20
ovl_Effect_Ss_G_Ripple,80995130
ovl_Effect_Ss_G_Spk,80995690
ovl_Effect_Ss_G_Splash,80995C40
ovl_Effect_Ss_Hahen,809960F0
ovl_Effect_Ss_HitMark,80996730
ovl_Effect_Ss_Ice_Piece,80996C80
ovl_Effect_Ss_Ice_Smoke,809970C0
ovl_Effect_Ss_K_Fire,809975A0
ovl_Effect_Ss_Kakera,809979E0
ovl_Effect_Ss_KiraKira,80998A70
ovl_Effect_Ss_Lightning,809990E0
ovl_Effect_Ss_Sibuki,809997B0
ovl_Effect_Ss_Sibuki2,80999E80
ovl_Effect_Ss_Solder_Srch_Ball,8099A1B0
ovl_Effect_Ss_Stick,8099A360
ovl_Effect_Ss_Stone1,8099A700
ovl_Elf_Msg,8099AA80
ovl_Elf_Msg2,8099B070
ovl_En_Am,8099B4E0
ovl_En_Ani,8099D8E0
ovl_En_Anubice,8099E650
ovl_En_Anubice_Fire,8099F900
ovl_En_Anubice_Tag,809A06C0
ovl_En_Arow_Trap,809A0990
ovl_En_Arrow,809A0AE0
ovl_En_Attack_Niw,809A21E0
ovl_En_Ba,809A3440
ovl_En_Bb,809A5310
ovl_En_Bdfire,809A8FF0
ovl_En_Bigokuta,809A9B90
ovl_En_Bili,809AC690
ovl_En_Bird,809AE960
ovl_En_Blkobj,809AEE20
ovl_En_Bom,809AF380
ovl_En_Bom_Bowl_Man,809B0250
ovl_En_Bom_Bowl_Pit,809B1790
ovl_En_Bom_Chu,809B2100
ovl_En_Bombf,809B37A0
ovl_En_Boom,809B4C30
ovl_En_Box,809B5500
ovl_En_Brob,809B7060
ovl_En_Bubble,809B8150
ovl_En_Butte,809B9570
ovl_En_Bw,809BAB40
ovl_En_Bx,809BDED0
ovl_En_Changer,809BE9D0
ovl_En_Clear_Tag,809BF3B0
ovl_En_Cow,809CA950
ovl_En_Crow,809CBDB0
ovl_En_Cs,809CD450
ovl_En_Daiku,809CE680
ovl_En_Daiku_Kakariko,809CFDC0
ovl_En_Dekubaba,809D1180
ovl_En_Dekunuts,809D4C30
ovl_En_Dh,809D6430
ovl_En_Dha,809D7F10
ovl_En_Diving_Game,809D8F10
ovl_En_Dns,809DA8C0
ovl_En_Dnt_Demo,809DBC50
ovl_En_Dnt_Jiji,809DC970
ovl_En_Dnt_Nomal,809DDE90
ovl_En_Dodojr,809E0C90
ovl_En_Dodongo,809E2B30
ovl_En_Dog,809E58D0
ovl_En_Door,809E6A80
ovl_En_Ds,809E78C0
ovl_En_Du,809E84E0
ovl_En_Dy_Extra,809E9F70
ovl_En_Eg,809EA510
ovl_En_Eiyer,809EA6C0
ovl_En_Elf,809EC320
ovl_En_Encount1,809F0CE0
ovl_En_Encount2,809F1840
ovl_En_Ex_Item,809F2A70
ovl_En_Ex_Ruppy,809F3BF0
ovl_En_Fd,809F4CB0
ovl_En_Fd_Fire,809F7950
ovl_En_Fhg_Fire,809F8660
ovl_En_Fire_Rock,809FAD00
ovl_En_Firefly,809FBE10
ovl_En_Fish,809FDF80
ovl_En_Floormas,80A00090
ovl_En_Fr,80A03470
ovl_En_Fu,80A05F00
ovl_En_Fw,80A06C50
ovl_En_Fz,80A08410
ovl_En_G_Switch,80A0A420
ovl_En_Ganon_Mant,80A0BC40
ovl_En_Ganon_Organ,80A0FE70
ovl_En_Gb,80A16EB0
ovl_En_Ge1,80A185E0
ovl_En_Ge2,80A1A610
ovl_En_Ge3,80A1BFB0
ovl_En_GeldB,80A1CBF0
ovl_En_GirlA,80A21FA0
ovl_En_Gm,80A248C0
ovl_En_Go,80A255F0
ovl_En_Go2,80A29C30
ovl_En_Goma,80A2FC70
ovl_En_Goroiwa,80A32920
ovl_En_Gs,80A34CE0
ovl_En_Guest,80A36B50
ovl_En_Hata,80A374F0
ovl_En_Heishi1,80A37A80
ovl_En_Heishi2,80A38F90
ovl_En_Heishi3,80A3B190
ovl_En_Heishi4,80A3BB60
ovl_En_Hintnuts,80A3CA60
ovl_En_Holl,80A3E490
ovl_En_Honotrap,80A3F460
ovl_En_Horse,80A409C0
ovl_En_Horse_Game_Check,80A4CC20
ovl_En_Horse_Ganon,80A4DCF0
ovl_En_Horse_Link_Child,80A4EA70
ovl_En_Horse_Normal,80A50870
ovl_En_Horse_Zelda,80A52E90
ovl_En_Hs,80A53980
ovl_En_Hs2,80A54520
ovl_En_Hy,80A54B00
ovl_En_Ice_Hono,80A58440
ovl_En_Ik,80A59630
ovl_En_In,80A5DC90
ovl_En_Insect,80A60A30
ovl_En_Ishi,80A62F50
ovl_En_It,80A6C0A0
ovl_En_Jj,80A6C230
ovl_En_Js,80A6D800
ovl_En_Jsjutan,80A6E1D0
ovl_En_Kakasi,80A73B00
ovl_En_Kakasi2,80A74840
ovl_En_Kakasi3,80A74F60
ovl_En_Kanban,80A76040
ovl_En_Karebaba,80A79190
ovl_En_Ko,80A7AA80
ovl_En_Kusa,80A7EBC0
ovl_En_Kz,80A800A0
ovl_En_Light,80A81640
ovl_En_Lightbox,80A82440
ovl_En_M_Fire1,80A828C0
ovl_En_M_Thunder,80A82A60
ovl_En_Ma1,80A84060
ovl_En_Ma2,80A85340
ovl_En_Ma3,80A863A0
ovl_En_Mag,80A87350
ovl_En_Mb,80A89870
ovl_En_Md,80A8DAA0
ovl_En_Mk,80A90110
ovl_En_Mm,80A90FA0
ovl_En_Mm2,80A92600
ovl_En_Ms,80A933C0
ovl_En_Mu,80A93AB0
ovl_En_Nb,80A943D0
ovl_En_Niw,80A989A0
ovl_En_Niw_Girl,80A9BCD0
ovl_En_Niw_Lady,80A9C7A0
ovl_En_Nutsball,80A9E0A0
ovl_En_Nwc,80A9E6C0
ovl_En_Ny,80A9F0E0
ovl_En_OE2,80AA0A20
ovl_En_Okarina_Effect,80AA0B00
ovl_En_Okarina_Tag,80AA0EC0
ovl_En_Okuta,80AA23C0
ovl_En_Ossan,80AA49A0
ovl_En_Owl,80AAAF80
ovl_En_Part,80AAEB20
ovl_En_Peehat,80AB0180
ovl_En_Po_Desert,80AB3880
ovl_En_Po_Field,80AB4640
ovl_En_Po_Relay,80AB80D0
ovl_En_Po_Sisters,80AB97E0
ovl_En_Poh,80ABE4D0
ovl_En_Pu_box,80AC26C0
ovl_En_Rd,80AC2A00
ovl_En_Reeba,80AC52C0
ovl_En_River_Sound,80AC6D30
ovl_En_Rl,80AC76C0
ovl_En_Rr,80AC85A0
ovl_En_Ru1,80ACAAD0
ovl_En_Ru2,80AD2170
ovl_En_Sa,80AD4EF0
ovl_En_Sb,80AD7160
ovl_En_Scene_Change,80AD85A0
ovl_En_Sda,80AD86D0
ovl_En_Shopnuts,80AD9DC0
ovl_En_Si,80ADACD0
ovl_En_Siofuki,80ADB1D0
ovl_En_Skb,80ADBF80
ovl_En_Skj,80ADD870
ovl_En_Skjneedle,80AE11C0
ovl_En_Ssh,80AE14D0
ovl_En_St,80AE3AC0
ovl_En_Sth,80AE6730
ovl_En_Stream,80AEA7F0
ovl_En_Sw,80AEAD80
ovl_En_Syateki_Itm,80AEE570
ovl_En_Syateki_Man,80AEF310
ovl_En_Syateki_Niw,80AF00D0
ovl_En_Ta,80AF2160
ovl_En_Takara_Man,80AF5B20
ovl_En_Tana,80AF63E0
ovl_En_Tg,80AF6690
ovl_En_Tite,80AF6D70
ovl_En_Tk,80AF9B10
ovl_En_Torch,80AFB940
ovl_En_Torch2,80AFBA30
ovl_En_Toryo,80AFE1D0
ovl_En_Tp,80AFEE60
ovl_En_Tr,80B00CD0
ovl_En_Trap,80B025D0
ovl_En_Tubo_Trap,80B03870
ovl_En_Vali,80B04510
ovl_En_Vase,80B06BD0
ovl_En_Vb_Ball,80B06CD0
ovl_En_Viewer,80B07E80
ovl_En_Vm,80B0AD40
ovl_En_Wall_Tubo,80B0C600
ovl_En_Wallmas,80B0CAF0
ovl_En_Weather_Tag,80B0E500
ovl_En_Weiyer,80B0F3F0
ovl_En_Wf,80B10DF0
ovl_En_Wonder_Item,80B15100
ovl_En_Wonder_Talk,80B15E30
ovl_En_Wonder_Talk2,80B164C0
ovl_En_Wood02,80B16B60
ovl_En_Xc,80B17D40
ovl_En_Yabusame_Mark,80B1E4D0
ovl_En_Yukabyun,80B1EBA0
ovl_En_Zf,80B1F1B0
ovl_En_Zl1,80B25CA0
ovl_En_Zl2,80B29AB0
ovl_En_Zl3,80B2E1B0
ovl_En_Zl4,80B36000
ovl_En_Zo,80B3AA30
ovl_En_fHG,80B3CFF0
ovl_End_Title,80B3F920
ovl_Fishing,80B43A40
ovl_Item_B_Heart,80B5E5B0
ovl_Item_Etcetera,80B5E9C0
ovl_Item_Inbox,80B5F290
ovl_Item_Ocarina,80B5F3F0
ovl_Item_Shield,80B5FBC0
ovl_Magic_Dark,80B605D0
ovl_Magic_Fire,80B61E20
ovl_Magic_Wind,80B64120
ovl_Mir_Ray,80B65E20
ovl_Obj_Bean,80B676D0
ovl_Obj_Blockstop,80B69E60
ovl_Obj_Bombiwa,80B6A000
ovl_Obj_Comb,80B6A570
ovl_Obj_Dekujr,80B6ADD0
ovl_Obj_Elevator,80B6B410
ovl_Obj_Hamishi,80B6B7D0
ovl_Obj_Hana,80B6C020
ovl_Obj_Hsblock,80B6C330
ovl_Obj_Ice_Poly,80B6C900
ovl_Obj_Kibako,80B6D2B0
ovl_Obj_Kibako2,80B6DFB0
ovl_Obj_Lift,80B6E670
ovl_Obj_Lightswitch,80B6F090
ovl_Obj_Makekinsuta,80B704C0
ovl_Obj_Makeoshihiki,80B70610
ovl_Obj_Mure,80B70AA0
ovl_Obj_Mure2,80B71AB0
ovl_Obj_Mure3,80B724D0
ovl_Obj_Oshihiki,80B72CA0
ovl_Obj_Roomtimer,80B74750
ovl_Obj_Switch,80B749A0
ovl_Obj_Syokudai,80B76780
ovl_Obj_Timeblock,80B773D0
ovl_Obj_Tsubo,80B78020
ovl_Obj_Warp2block,80B79010
ovl_Object_Kankyo,80B79B40
ovl_Oceff_Spot,80B7CDC0
ovl_Oceff_Storm,80B7DCF0
ovl_Oceff_Wipe,80B7F8A0
ovl_Oceff_Wipe2,80B80620
ovl_Oceff_Wipe3,80B81D90
ovl_Oceff_Wipe4,80B834E0
ovl_Shot_Sun,80B844C0
gameplay_keep,
gameplay_field_keep,
gameplay_dangeon_keep,
gameplay_object_exchange_static,
object_link_boy,
object_link_child,
object_box,
object_human,
object_okuta,
object_poh,
object_wallmaster,
object_dy_obj,
object_firefly,
object_dodongo,
object_fire,
object_niw,
object_tite,
object_reeba,
object_peehat,
object_kingdodongo,
object_horse,
object_zf,
object_goma,
object_zl1,
object_gol,
object_bubble,
object_dodojr,
object_torch2,
object_bl,
object_tp,
object_oA1,
object_st,
object_bw,
object_ei,
object_horse_normal,
object_oB1,
object_o_anime,
object_spot04_objects,
object_ddan_objects,
object_hidan_objects,
object_horse_ganon,
object_oA2,
object_spot00_objects,
object_mb,
object_bombf,
object_sk2,
object_oE1,
object_oE_anime,
object_oE2,
object_ydan_objects,
object_gnd,
object_am,
object_dekubaba,
object_oA3,
object_oA4,
object_oA5,
object_oA6,
object_oA7,
object_jj,
object_oA8,
object_oA9,
object_oB2,
object_oB3,
object_oB4,
object_horse_zelda,
object_opening_demo1,
object_warp1,
object_b_heart,
object_dekunuts,
object_oE3,
object_oE4,
object_menkuri_objects,
object_oE5,
object_oE6,
object_oE7,
object_oE8,
object_oE9,
object_oE10,
object_oE11,
object_oE12,
object_vali,
object_oA10,
object_oA11,
object_mizu_objects,
object_fhg,
object_ossan,
object_mori_hineri1,
object_Bb,
object_toki_objects,
object_yukabyun,
object_zl2,
object_mjin,
object_mjin_flash,
object_mjin_dark,
object_mjin_flame,
object_mjin_ice,
object_mjin_soul,
object_mjin_wind,
object_mjin_oka,
object_haka_objects,
object_spot06_objects,
object_ice_objects,
object_relay_objects,
object_mori_hineri1a,
object_mori_hineri2,
object_mori_hineri2a,
object_mori_objects,
object_mori_tex,
object_spot08_obj,
object_warp2,
object_hata,
object_bird,
object_wood02,
object_lightbox,
object_pu_box,
object_trap,
object_vase,
object_im,
object_ta,
object_tk,
object_xc,
object_vm,
object_bv,
object_hakach_objects,
object_efc_crystal_light,
object_efc_fire_ball,
object_efc_flash,
object_efc_lgt_shower,
object_efc_star_field,
object_god_lgt,
object_light_ring,
object_triforce_spot,
object_medal,
object_bdan_objects,
object_sd,
object_rd,
object_po_sisters,
object_heavy_object,
object_gndd,
object_fd,
object_du,
object_fw,
object_horse_link_child,
object_spot02_objects,
object_haka,
object_ru1,
object_syokudai,
object_fd2,
object_dh,
object_rl,
object_efc_tw,
object_demo_tre_lgt,
object_gi_key,
object_mir_ray,
object_brob,
object_gi_jewel,
object_spot09_obj,
object_spot18_obj,
object_bdoor,
object_spot17_obj,
object_shop_dungen,
object_nb,
object_mo,
object_sb,
object_gi_melody,
object_gi_heart,
object_gi_compass,
object_gi_bosskey,
object_gi_medal,
object_gi_nuts,
object_sa,
object_gi_hearts,
object_gi_arrowcase,
object_gi_bombpouch,
object_in,
object_tr,
object_spot16_obj,
object_oE1s,
object_oE4s,
object_os_anime,
object_gi_bottle,
object_gi_stick,
object_gi_map,
object_oF1d_map,
object_ru2,
object_gi_shield_1,
object_dekujr,
object_gi_magicpot,
object_gi_bomb_1,
object_oF1s,
object_ma2,
object_gi_purse,
object_hni,
object_tw,
object_rr,
object_bxa,
object_anubice,
object_gi_gerudo,
object_gi_arrow,
object_gi_bomb_2,
object_gi_egg,
object_gi_scale,
object_gi_shield_2,
object_gi_hookshot,
object_gi_ocarina,
object_gi_milk,
object_ma1,
object_ganon,
object_sst,
object_ny,
object_fr,
object_gi_pachinko,
object_gi_boomerang,
object_gi_bow,
object_gi_glasses,
object_gi_liquid,
object_ani,
object_demo_6k,
object_gi_shield_3,
object_gi_letter,
object_spot15_obj,
object_jya_obj,
object_gi_clothes,
object_gi_bean,
object_gi_fish,
object_gi_saw,
object_gi_hammer,
object_gi_grass,
object_gi_longsword,
object_spot01_objects,
object_md,
object_km1,
object_kw1,
object_zo,
object_kz,
object_umajump,
object_masterkokiri,
object_masterkokirihead,
object_mastergolon,
object_masterzoora,
object_aob,
object_ik,
object_ahg,
object_cne,
object_gi_niwatori,
object_skj,
object_gi_bottle_letter,
object_bji,
object_bba,
object_gi_ocarina_0,
object_ds,
object_ane,
object_boj,
object_spot03_object,
object_spot07_object,
object_fz,
object_bob,
object_ge1,
object_yabusame_point,
object_gi_boots_2,
object_gi_seed,
object_gnd_magic,
object_d_elevator,
object_d_hsblock,
object_d_lift,
object_mamenoki,
object_goroiwa,
object_toryo,
object_daiku,
object_nwc,
object_blkobj,
object_gm,
object_ms,
object_hs,
object_ingate,
object_lightswitch,
object_kusa,
object_tsubo,
object_gi_gloves,
object_gi_coin,
object_kanban,
object_gjyo_objects,
object_owl,
object_mk,
object_fu,
object_gi_ki_tan_mask,
object_gi_redead_mask,
object_gi_skj_mask,
object_gi_rabit_mask,
object_gi_truth_mask,
object_ganon_objects,
object_siofuki,
object_stream,
object_mm,
object_fa,
object_os,
object_gi_eye_lotion,
object_gi_powder,
object_gi_mushroom,
object_gi_ticketstone,
object_gi_brokensword,
object_js,
object_cs,
object_gi_prescription,
object_gi_bracelet,
object_gi_soldout,
object_gi_frog,
object_mag,
object_door_gerudo,
object_gt,
object_efc_erupc,
object_zl2_anime1,
object_zl2_anime2,
object_gi_golonmask,
object_gi_zoramask,
object_gi_gerudomask,
object_ganon2,
object_ka,
object_ts,
object_zg,
object_gi_hoverboots,
object_gi_m_arrow,
object_ds2,
object_ec,
object_fish,
object_gi_sutaru,
object_gi_goddess,
object_ssh,
object_bigokuta,
object_bg,
object_spot05_objects,
object_spot12_obj,
object_bombiwa,
object_hintnuts,
object_rs,
object_spot00_break,
object_gla,
object_shopnuts,
object_geldb,
object_gr,
object_dog,
object_jya_iron,
object_jya_door,
object_spot01_objects2,
object_spot11_obj,
object_kibako2,
object_dns,
object_dnk,
object_gi_fire,
object_gi_insect,
object_gi_butterfly,
object_gi_ghost,
object_gi_soul,
object_bowl,
object_po_field,
object_demo_kekkai,
object_efc_doughnut,
object_gi_dekupouch,
object_ganon_anime1,
object_ganon_anime2,
object_ganon_anime3,
object_gi_rupy,
object_spot01_matoya,
object_spot01_matoyab,
object_po_composer,
object_mu,
object_wf,
object_skb,
object_gj,
object_geff,
object_haka_door,
object_gs,
object_ps,
object_bwall,
object_crow,
object_cow,
object_cob,
object_gi_sword_1,
object_door_killer,
object_ouke_haka,
object_timeblock,
object_zl4,
g_pn_01,
g_pn_02,
g_pn_03,
g_pn_04,
g_pn_05,
g_pn_06,
g_pn_07,
g_pn_08,
g_pn_09,
g_pn_10,
g_pn_11,
g_pn_12,
g_pn_13,
g_pn_14,
g_pn_15,
g_pn_16,
g_pn_17,
g_pn_18,
g_pn_19,
g_pn_20,
g_pn_21,
g_pn_22,
g_pn_23,
g_pn_24,
g_pn_25,
g_pn_26,
g_pn_27,
g_pn_28,
g_pn_29,
g_pn_30,
g_pn_31,
g_pn_32,
g_pn_33,
g_pn_34,
g_pn_35,
g_pn_36,
g_pn_37,
g_pn_38,
g_pn_39,
g_pn_40,
g_pn_41,
g_pn_42,
g_pn_43,
g_pn_44,
g_pn_45,
g_pn_46,
g_pn_47,
g_pn_48,
g_pn_49,
g_pn_50,
g_pn_51,
g_pn_52,
g_pn_53,
g_pn_54,
g_pn_55,
g_pn_56,
g_pn_57,
z_select_static,
nintendo_rogo_static,
title_static,
parameter_static,
vr_fine0_static,
vr_fine0_pal_static,
vr_fine1_static,
vr_fine1_pal_static,
vr_fine2_static,
vr_fine2_pal_static,
vr_fine3_static,
vr_fine3_pal_static,
vr_cloud0_static,
vr_cloud0_pal_static,
vr_cloud1_static,
vr_cloud1_pal_static,
vr_cloud2_static,
vr_cloud2_pal_static,
vr_cloud3_static,
vr_cloud3_pal_static,
vr_holy0_static,
vr_holy0_pal_static,
vr_holy1_static,
vr_holy1_pal_static,
vr_MDVR_static,
vr_MDVR_pal_static,
vr_MNVR_static,
vr_MNVR_pal_static,
vr_RUVR_static,
vr_RUVR_pal_static,
vr_LHVR_static,
vr_LHVR_pal_static,
vr_KHVR_static,
vr_KHVR_pal_static,
vr_K3VR_static,
vr_K3VR_pal_static,
vr_K4VR_static,
vr_K4VR_pal_static,
vr_K5VR_static,
vr_K5VR_pal_static,
vr_SP1a_static,
vr_SP1a_pal_static,
vr_MLVR_static,
vr_MLVR_pal_static,
vr_KKRVR_static,
vr_KKRVR_pal_static,
vr_KR3VR_static,
vr_KR3VR_pal_static,
vr_IPVR_static,
vr_IPVR_pal_static,
vr_KSVR_static,
vr_KSVR_pal_static,
vr_GLVR_static,
vr_GLVR_pal_static,
vr_ZRVR_static,
vr_ZRVR_pal_static,
vr_DGVR_static,
vr_DGVR_pal_static,
vr_ALVR_static,
vr_ALVR_pal_static,
vr_NSVR_static,
vr_NSVR_pal_static,
vr_LBVR_static,
vr_LBVR_pal_static,
vr_TTVR_static,
vr_TTVR_pal_static,
vr_FCVR_static,
vr_FCVR_pal_static,
elf_message_field,
elf_message_ydan,
ydan_scene,
ydan_room_0,
ydan_room_1,
ydan_room_2,
ydan_room_3,
ydan_room_4,
ydan_room_5,
ydan_room_6,
ydan_room_7,
ydan_room_8,
ydan_room_9,
ydan_room_10,
ydan_room_11,
ddan_scene,
ddan_room_0,
ddan_room_1,
ddan_room_2,
ddan_room_3,
ddan_room_4,
ddan_room_5,
ddan_room_6,
ddan_room_7,
ddan_room_8,
ddan_room_9,
ddan_room_10,
ddan_room_11,
ddan_room_12,
ddan_room_13,
ddan_room_14,
ddan_room_15,
ddan_room_16,
bdan_scene,
bdan_room_0,
bdan_room_1,
bdan_room_2,
bdan_room_3,
bdan_room_4,
bdan_room_5,
bdan_room_6,
bdan_room_7,
bdan_room_8,
bdan_room_9,
bdan_room_10,
bdan_room_11,
bdan_room_12,
bdan_room_13,
bdan_room_14,
bdan_room_15,
Bmori1_scene,
Bmori1_room_0,
Bmori1_room_1,
Bmori1_room_2,
Bmori1_room_3,
Bmori1_room_4,
Bmori1_room_5,
Bmori1_room_6,
Bmori1_room_7,
Bmori1_room_8,
Bmori1_room_9,
Bmori1_room_10,
Bmori1_room_11,
Bmori1_room_12,
Bmori1_room_13,
Bmori1_room_14,
Bmori1_room_15,
Bmori1_room_16,
Bmori1_room_17,
Bmori1_room_18,
Bmori1_room_19,
Bmori1_room_20,
Bmori1_room_21,
Bmori1_room_22,
HIDAN_scene,
HIDAN_room_0,
HIDAN_room_1,
HIDAN_room_2,
HIDAN_room_3,
HIDAN_room_4,
HIDAN_room_5,
HIDAN_room_6,
HIDAN_room_7,
HIDAN_room_8,
HIDAN_room_9,
HIDAN_room_10,
HIDAN_room_11,
HIDAN_room_12,
HIDAN_room_13,
HIDAN_room_14,
HIDAN_room_15,
HIDAN_room_16,
HIDAN_room_17,
HIDAN_room_18,
HIDAN_room_19,
HIDAN_room_20,
HIDAN_room_21,
HIDAN_room_22,
HIDAN_room_23,
HIDAN_room_24,
HIDAN_room_25,
HIDAN_room_26,
MIZUsin_scene,
MIZUsin_room_0,
MIZUsin_room_1,
MIZUsin_room_2,
MIZUsin_room_3,
MIZUsin_room_4,
MIZUsin_room_5,
MIZUsin_room_6,
MIZUsin_room_7,
MIZUsin_room_8,
MIZUsin_room_9,
MIZUsin_room_10,
MIZUsin_room_11,
MIZUsin_room_12,
MIZUsin_room_13,
MIZUsin_room_14,
MIZUsin_room_15,
MIZUsin_room_16,
MIZUsin_room_17,
MIZUsin_room_18,
MIZUsin_room_19,
MIZUsin_room_20,
MIZUsin_room_21,
MIZUsin_room_22,
jyasinzou_scene,
jyasinzou_room_0,
jyasinzou_room_1,
jyasinzou_room_2,
jyasinzou_room_3,
jyasinzou_room_4,
jyasinzou_room_5,
jyasinzou_room_6,
jyasinzou_room_7,
jyasinzou_room_8,
jyasinzou_room_9,
jyasinzou_room_10,
jyasinzou_room_11,
jyasinzou_room_12,
jyasinzou_room_13,
jyasinzou_room_14,
jyasinzou_room_15,
jyasinzou_room_16,
jyasinzou_room_17,
jyasinzou_room_18,
jyasinzou_room_19,
jyasinzou_room_20,
jyasinzou_room_21,
jyasinzou_room_22,
jyasinzou_room_23,
jyasinzou_room_24,
jyasinzou_room_25,
jyasinzou_room_26,
jyasinzou_room_27,
jyasinzou_room_28,
HAKAdan_scene,
HAKAdan_room_0,
HAKAdan_room_1,
HAKAdan_room_2,
HAKAdan_room_3,
HAKAdan_room_4,
HAKAdan_room_5,
HAKAdan_room_6,
HAKAdan_room_7,
HAKAdan_room_8,
HAKAdan_room_9,
HAKAdan_room_10,
HAKAdan_room_11,
HAKAdan_room_12,
HAKAdan_room_13,
HAKAdan_room_14,
HAKAdan_room_15,
HAKAdan_room_16,
HAKAdan_room_17,
HAKAdan_room_18,
HAKAdan_room_19,
HAKAdan_room_20,
HAKAdan_room_21,
HAKAdan_room_22,
HAKAdanCH_scene,
HAKAdanCH_room_0,
HAKAdanCH_room_1,
HAKAdanCH_room_2,
HAKAdanCH_room_3,
HAKAdanCH_room_4,
HAKAdanCH_room_5,
HAKAdanCH_room_6,
ice_doukutu_scene,
ice_doukutu_room_0,
ice_doukutu_room_1,
ice_doukutu_room_2,
ice_doukutu_room_3,
ice_doukutu_room_4,
ice_doukutu_room_5,
ice_doukutu_room_6,
ice_doukutu_room_7,
ice_doukutu_room_8,
ice_doukutu_room_9,
ice_doukutu_room_10,
ice_doukutu_room_11,
men_scene,
men_room_0,
men_room_1,
men_room_2,
men_room_3,
men_room_4,
men_room_5,
men_room_6,
men_room_7,
men_room_8,
men_room_9,
men_room_10,
ganontika_scene,
ganontika_room_0,
ganontika_room_1,
ganontika_room_2,
ganontika_room_3,
ganontika_room_4,
ganontika_room_5,
ganontika_room_6,
ganontika_room_7,
ganontika_room_8,
ganontika_room_9,
ganontika_room_10,
ganontika_room_11,
ganontika_room_12,
ganontika_room_13,
ganontika_room_14,
ganontika_room_15,
ganontika_room_16,
ganontika_room_17,
ganontika_room_18,
ganontika_room_19,
spot00_scene,
spot00_room_0,
spot01_scene,
spot01_room_0,
spot02_scene,
spot02_room_0,
spot02_room_1,
spot03_scene,
spot03_room_0,
spot03_room_1,
spot04_scene,
spot04_room_0,
spot04_room_1,
spot04_room_2,
spot05_scene,
spot05_room_0,
spot06_scene,
spot06_room_0,
spot07_scene,
spot07_room_0,
spot07_room_1,
spot08_scene,
spot08_room_0,
spot09_scene,
spot09_room_0,
spot10_scene,
spot10_room_0,
spot10_room_1,
spot10_room_2,
spot10_room_3,
spot10_room_4,
spot10_room_5,
spot10_room_6,
spot10_room_7,
spot10_room_8,
spot10_room_9,
spot11_scene,
spot11_room_0,
spot12_scene,
spot12_room_0,
spot12_room_1,
spot13_scene,
spot13_room_0,
spot13_room_1,
spot15_scene,
spot15_room_0,
spot16_scene,
spot16_room_0,
spot17_scene,
spot17_room_0,
spot17_room_1,
spot18_scene,
spot18_room_0,
spot18_room_1,
spot18_room_2,
spot18_room_3,
market_day_scene,
market_day_room_0,
market_night_scene,
market_night_room_0,
kenjyanoma_scene,
kenjyanoma_room_0,
tokinoma_scene,
tokinoma_room_0,
tokinoma_room_1,
link_home_scene,
link_home_room_0,
kokiri_shop_scene,
kokiri_shop_room_0,
kokiri_home_scene,
kokiri_home_room_0,
kakusiana_scene,
kakusiana_room_0,
kakusiana_room_1,
kakusiana_room_2,
kakusiana_room_3,
kakusiana_room_4,
kakusiana_room_5,
kakusiana_room_6,
kakusiana_room_7,
kakusiana_room_8,
kakusiana_room_9,
kakusiana_room_10,
kakusiana_room_11,
kakusiana_room_12,
kakusiana_room_13,
entra_scene,
entra_room_0,
moribossroom_scene,
moribossroom_room_0,
moribossroom_room_1,
syatekijyou_scene,
syatekijyou_room_0,
shop1_scene,
shop1_room_0,
hairal_niwa_scene,
hairal_niwa_room_0,
ganon_tou_scene,
ganon_tou_room_0,
market_alley_scene,
market_alley_room_0,
spot20_scene,
spot20_room_0,
market_ruins_scene,
market_ruins_room_0,
entra_n_scene,
entra_n_room_0,
enrui_scene,
enrui_room_0,
market_alley_n_scene,
market_alley_n_room_0,
hiral_demo_scene,
hiral_demo_room_0,
kokiri_home3_scene,
kokiri_home3_room_0,
malon_stable_scene,
malon_stable_room_0,
kakariko_scene,
kakariko_room_0,
bdan_boss_scene,
bdan_boss_room_0,
bdan_boss_room_1,
FIRE_bs_scene,
FIRE_bs_room_0,
FIRE_bs_room_1,
hut_scene,
hut_room_0,
daiyousei_izumi_scene,
daiyousei_izumi_room_0,
hakaana_scene,
hakaana_room_0,
yousei_izumi_tate_scene,
yousei_izumi_tate_room_0,
yousei_izumi_yoko_scene,
yousei_izumi_yoko_room_0,
golon_scene,
golon_room_0,
zoora_scene,
zoora_room_0,
drag_scene,
drag_room_0,
alley_shop_scene,
alley_shop_room_0,
night_shop_scene,
night_shop_room_0,
impa_scene,
impa_room_0,
labo_scene,
labo_room_0,
tent_scene,
tent_room_0,
nakaniwa_scene,
nakaniwa_room_0,
ddan_boss_scene,
ddan_boss_room_0,
ddan_boss_room_1,
ydan_boss_scene,
ydan_boss_room_0,
ydan_boss_room_1,
HAKAdan_bs_scene,
HAKAdan_bs_room_0,
HAKAdan_bs_room_1,
MIZUsin_bs_scene,
MIZUsin_bs_room_0,
MIZUsin_bs_room_1,
ganon_scene,
ganon_room_0,
ganon_room_1,
ganon_room_2,
ganon_room_3,
ganon_room_4,
ganon_room_5,
ganon_room_6,
ganon_room_7,
ganon_room_8,
ganon_room_9,
ganon_boss_scene,
ganon_boss_room_0,
jyasinboss_scene,
jyasinboss_room_0,
jyasinboss_room_1,
jyasinboss_room_2,
jyasinboss_room_3,
kokiri_home4_scene,
kokiri_home4_room_0,
kokiri_home5_scene,
kokiri_home5_room_0,
ganon_final_scene,
ganon_final_room_0,
kakariko3_scene,
kakariko3_room_0,
hakasitarelay_scene,
hakasitarelay_room_0,
hakasitarelay_room_1,
hakasitarelay_room_2,
hakasitarelay_room_3,
hakasitarelay_room_4,
hakasitarelay_room_5,
hakasitarelay_room_6,
shrine_scene,
shrine_room_0,
turibori_scene,
turibori_room_0,
shrine_n_scene,
shrine_n_room_0,
shrine_r_scene,
shrine_r_room_0,
hakaana2_scene,
hakaana2_room_0,
gerudoway_scene,
gerudoway_room_0,
gerudoway_room_1,
gerudoway_room_2,
gerudoway_room_3,
gerudoway_room_4,
gerudoway_room_5,
hairal_niwa_n_scene,
hairal_niwa_n_room_0,
bowling_scene,
bowling_room_0,
hakaana_ouke_scene,
hakaana_ouke_room_0,
hakaana_ouke_room_1,
hakaana_ouke_room_2,
hylia_labo_scene,
hylia_labo_room_0,
souko_scene,
souko_room_0,
souko_room_1,
souko_room_2,
miharigoya_scene,
miharigoya_room_0,
mahouya_scene,
mahouya_room_0,
takaraya_scene,
takaraya_room_0,
takaraya_room_1,
takaraya_room_2,
takaraya_room_3,
takaraya_room_4,
takaraya_room_5,
takaraya_room_6,
ganon_sonogo_scene,
ganon_sonogo_room_0,
ganon_sonogo_room_1,
ganon_sonogo_room_2,
ganon_sonogo_room_3,
ganon_sonogo_room_4,
ganon_demo_scene,
ganon_demo_room_0,
face_shop_scene,
face_shop_room_0,
kinsuta_scene,
kinsuta_room_0,
ganontikasonogo_scene,
ganontikasonogo_room_0,
ganontikasonogo_room_1,
bump_texture_static,
anime_model_1_static,
anime_model_2_static,
anime_model_3_static,
anime_model_4_static,
anime_model_5_static,
anime_model_6_static,
anime_texture_1_static,
anime_texture_2_static,
anime_texture_3_static,
anime_texture_4_static,
anime_texture_5_static,
anime_texture_6_static,
softsprite_matrix_static,
